experiment	gene	peptide	cdr3_b_aa	v	j
eLH42	ORF1ab	GEIPVAYRKVLL,VPHVGEIPVAY	CASSLVGQGAENIQYF	TCRBV07-09	TCRBJ02-04
eLH42	ORF1ab	GEIPVAYRKVLL,VPHVGEIPVAY	CASSEGVAGEETQYF	TCRBV25-01	TCRBJ02-05
eLH42	ORF1ab	TSDLATNNLVVMAY	CSANQGSPLHF	TCRBV20-01	TCRBJ01-06
eLH42	ORF1ab	ILGTVSWNL,SNEKQEILGTVSW	CASSFPGAIYF	TCRBV12-03/12-04	TCRBJ01-03
eLH42	ORF1ab	ITDVFYKENSY,SEYKGPITDVFY	CASSLAVSSPLHF	TCRBV06-05	TCRBJ01-06
eLH42	ORF1ab	AYILFTRFFYV	CASSSWTGDNEQFF	TCRBV19-01	TCRBJ02-01
eLH42	ORF1ab	AYILFTRFFYV	CSARVSDLYEQYF	TCRBV20-X	TCRBJ02-07
eLH42	ORF1ab	YIFFASFYY	CASSFQGGTEAFF	TCRBV28-01	TCRBJ01-01
eLH42	ORF1ab	FLPRVFSAV	CATSREQGNEQFF	TCRBV15-01	TCRBJ02-01
eLH42	ORF1ab	AVLQSGFRK	CAWAGTGDTDTQYF	TCRBV30-01	TCRBJ02-03
eLH42	ORF1ab	AVLQSGFRK	CAWSGTGDTDTQYF	TCRBV30-01	TCRBJ02-03
eLH42	ORF1ab	FLNGSCGSV	CASSHSGGTYNEQFF	TCRBV07-03	TCRBJ02-01
eLH42	ORF1ab	VLAWLYAAV	CSAAIPDSGETQYF	TCRBV29-01	TCRBJ02-05
eLH42	ORF1ab	VLAWLYAAV	CASSLRRITRGRGTEAFF	TCRBV06-X	TCRBJ01-01
eLH42	ORF1ab	NYSGVVTTVMF	CASSLALSSGNTIYF	TCRBV28-01	TCRBJ01-03
eLH42	ORF1ab	NYSGVVTTVMF	CASSRWAETQYF	TCRBV11-02	TCRBJ02-05
eLH42	ORF1ab	KLWAQCVQL	CASSPEAGTSWGKEAFF	TCRBV18-01	TCRBJ01-01
eLH42	ORF1ab	KLWAQCVQL	CASSLGTGWLEETQYF	TCRBV05-01	TCRBJ02-05
eLH42	ORF1ab	KLWAQCVQL	CSAPTGVSYNEQFF	TCRBV20-X	TCRBJ02-01
eLH42	ORF1ab	KLWAQCVQL	CSAQNRDSFFYNEQFF	TCRBV20-X	TCRBJ02-01
eLH42	ORF1ab	KLWAQCVQL	CSANEANYGYTF	TCRBV20-X	TCRBJ01-02
eLH42	ORF1ab	FTYASALWEI	CASSPRTSEKYEQYF	TCRBV09-01	TCRBJ02-07
eLH42	ORF1ab	FTYASALWEI	CASSEDGMNTEAFF	TCRBV10-02	TCRBJ01-01
eLH42	ORF1ab	ALWEIQQVV	CASSQDRLTGVYTF	TCRBV04-01	TCRBJ01-02
eLH42	ORF1ab	TVLSFCAFA,VLSFCAFAV	CASSSMSSGGSSYNEQFF	TCRBV03-01/03-02	TCRBJ02-01
eLH42	ORF1ab	TMADLVYAL,YTMADLVYA	CSARDIFISPGLAADTQYF	TCRBV20-X	TCRBJ02-03
eLH42	ORF1ab	TMADLVYAL,YTMADLVYA	CATLEGSYNEQFF	TCRBV28-01	TCRBJ02-01
eLH42	ORF1ab	TMADLVYAL,YTMADLVYA	CSATSGRVYNEQFF	TCRBV20-X	TCRBJ02-01
eLH42	ORF1ab	TMADLVYAL,YTMADLVYA	CAWSASGPYEQYF	TCRBV30-01	TCRBJ02-07
eLH42	ORF1ab	LLMPILTLT	CASSPLLAGGDNEQFF	TCRBV03-01/03-02	TCRBJ02-01
eLH42	ORF1ab	FVDGVPFVV	CASSLLGGFSTDTQYF	TCRBV28-01	TCRBJ02-03
eLH42	ORF1ab	FVDGVPFVV	CASNPLAAYNEQFF	TCRBV27-01	TCRBJ02-01
eLH42	ORF1ab	FVDGVPFVV	CASSQVGGVTLNTEAFF	TCRBV04-01	TCRBJ01-01
eLH42	ORF1ab	RQLLFVVEV	CASSVSGEQFF	TCRBV09-01	TCRBJ02-01
eLH42	ORF1ab	RLYYDSMSY	CASRLDEQYF	TCRBV02-01	TCRBJ02-07
eLH42	ORF1ab	RLYYDSMSY	CATSQPPLDSF	TCRBV15-01	TCRBJ02-X
eLH42	ORF1ab	NMLRIMASL	CASSGNPRDSTDTQYF	TCRBV02-01	TCRBJ02-03
eLH42	ORF1ab	NMLRIMASL	CASCLDAGGEAFF	TCRBV07-X	TCRBJ01-01
eLH42	ORF1ab	LSDDAVVCFNSTY	CASSTGVSGANVLTF	TCRBV10-02	TCRBJ02-06
eLH42	ORF1ab	VLQAVGACV	CAWTGTADTGELFF	TCRBV30-01	TCRBJ02-02
eLH42	ORF1ab	KLSYGIATV	CASSAGLAYEQYF	TCRBV27-01	TCRBJ02-07
eLH42	ORF1ab	IPRRNVATL	CASSLFPGTAHNSPLHF	TCRBV27-01	TCRBJ01-06
eLH42	ORF1ab	IPRRNVATL	CASSTTGGSQPQHF	TCRBV19-01	TCRBJ01-05
eLH42	ORF1ab	LQLGFSTGV	CASSSTGGEQPQHF	TCRBV07-08	TCRBJ01-05
eLH42	ORF1ab	VLWAHGFEL	CASSFGSGTQYF	TCRBV05-04	TCRBJ02-05
eLH42	ORF1ab	VLWAHGFEL	CASSGISEGEGTEAFF	TCRBV09-01	TCRBJ01-01
eLH42	ORF1ab	VLWAHGFEL	CASSERSANEQFF	TCRBV11-03	TCRBJ02-01
eLH42	envelope,ORF1ab	APAHISTI,LIVNSVLLFL,LLFLAFVVFL,SVLLFLAFV	CASSPLAGDSYNEQFF	TCRBV07-03	TCRBJ02-01
eLH42	ORF1ab	LLDDFVEII,LLLDDFVEI	CASSQERRGRVYEQYF	TCRBV04-02	TCRBJ02-07
eLH42	ORF1ab	LLDDFVEII,LLLDDFVEI	CASSFPGSTEAFF	TCRBV07-09	TCRBJ01-01
eLH42	ORF1ab	MLWCKDGHV	CASSVQGASYEQYF	TCRBV09-01	TCRBJ02-07
eLH42	surface glycoprotein	KVFRSSVLH,VYYPDKVFR,YPDKVFRSS,YPDKVFRSSV	CASSNYQGYMNNEQFF	TCRBV05-06	TCRBJ02-01
eLH42	surface glycoprotein	STQDLFLPFF,TQDLFLPFF	CASSPFRTQNQPQHF	TCRBV18-01	TCRBJ01-05
eLH42	surface glycoprotein	FFSNVTWFH,FLPFFSNVT,LPFFSNVTW,LPFFSNVTWF,PFFSNVTWF,SNVTWFHAI	CASSLVVDQETQYF	TCRBV05-05	TCRBJ02-05
eLH42	surface glycoprotein	FFSNVTWFH,FLPFFSNVT,LPFFSNVTW,LPFFSNVTWF,PFFSNVTWF,SNVTWFHAI	CASSIRSTDTQYF	TCRBV19-01	TCRBJ02-03
eLH42	surface glycoprotein	FFSNVTWFH,FLPFFSNVT,LPFFSNVTW,LPFFSNVTWF,PFFSNVTWF,SNVTWFHAI	CASSSRSAYEQYF	TCRBV19-01	TCRBJ02-07
eLH42	surface glycoprotein	FFSNVTWFH,FLPFFSNVT,LPFFSNVTW,LPFFSNVTWF,PFFSNVTWF,SNVTWFHAI	CASSSRSSYEQYF	TCRBV19-01	TCRBJ02-07
eLH42	surface glycoprotein	FFSNVTWFH,FLPFFSNVT,LPFFSNVTW,LPFFSNVTWF,PFFSNVTWF,SNVTWFHAI	CASRRTGEETQYF	TCRBV06-05	TCRBJ02-05
eLH42	surface glycoprotein	FFSNVTWFH,FLPFFSNVT,LPFFSNVTW,LPFFSNVTWF,PFFSNVTWF,SNVTWFHAI	CASSIRSSYEQYF	TCRBV19-01	TCRBJ02-07
eLH42	surface glycoprotein	IYSKHTPINL	CASSPSLTARYNEQFF	TCRBV07-09	TCRBJ02-01
eLH42	surface glycoprotein	LLALHRSYL	CASSFGHTDTQYF	TCRBV12-03/12-04	TCRBJ02-03
eLH42	surface glycoprotein	YLQPRTFL,YLQPRTFLL,YYVGYLQPRTF	CSARDNERAMNTGELFF	TCRBV20-X	TCRBJ02-02
eLH42	surface glycoprotein	YLQPRTFL,YLQPRTFLL,YYVGYLQPRTF	CASSPDIEAFF	TCRBV07-09	TCRBJ01-01
eLH42	surface glycoprotein	YLQPRTFL,YLQPRTFLL,YYVGYLQPRTF	CAGQDMNTGELFF	TCRBV09-01	TCRBJ02-02
eLH42	surface glycoprotein	YLQPRTFL,YLQPRTFLL,YYVGYLQPRTF	CASSFTGDEKLFF	TCRBV05-01	TCRBJ01-04
eLH42	surface glycoprotein	YLQPRTFL,YLQPRTFLL,YYVGYLQPRTF	CSVHRDRNTGELFF	TCRBV29-01	TCRBJ02-02
eLH42	surface glycoprotein	YLQPRTFL,YLQPRTFLL,YYVGYLQPRTF	CASQDLNTGELFF	TCRBV02-01	TCRBJ02-02
eLH42	surface glycoprotein	YLQPRTFL,YLQPRTFLL,YYVGYLQPRTF	CSVRPPGTENTGELFF	TCRBV20-X	TCRBJ02-02
eLH42	surface glycoprotein	YLQPRTFL,YLQPRTFLL,YYVGYLQPRTF	CASSFSPGTSTDTQYF	TCRBV28-01	TCRBJ02-03
eLH42	surface glycoprotein	YLQPRTFL,YLQPRTFLL,YYVGYLQPRTF	CSAYRDQNTGELFF	TCRBV20-X	TCRBJ02-02
eLH42	surface glycoprotein	YLQPRTFL,YLQPRTFLL,YYVGYLQPRTF	CASSESNSLEAFF	TCRBV25-01	TCRBJ01-01
eLH42	surface glycoprotein	YLQPRTFL,YLQPRTFLL,YYVGYLQPRTF	CASSEALG*NTEAFF	TCRBV02-01	TCRBJ01-01
eLH42	surface glycoprotein	YLQPRTFL,YLQPRTFLL,YYVGYLQPRTF	CASGQLNTGELFF	TCRBV05-01	TCRBJ02-02
eLH42	surface glycoprotein	YLQPRTFL,YLQPRTFLL,YYVGYLQPRTF	CASSDVNTGELFF	TCRBV02-01	TCRBJ02-02
eLH42	surface glycoprotein	YLQPRTFL,YLQPRTFLL,YYVGYLQPRTF	CASSEGNSLKAFF	TCRBV06-01	TCRBJ01-01
eLH42	surface glycoprotein	YLQPRTFL,YLQPRTFLL,YYVGYLQPRTF	CATQDRNTGELFF	TCRBV11-03	TCRBJ02-02
eLH42	surface glycoprotein	YLQPRTFL,YLQPRTFLL,YYVGYLQPRTF	CVRGDENTGELFF	TCRBV07-09	TCRBJ02-02
eLH42	surface glycoprotein	YLQPRTFL,YLQPRTFLL,YYVGYLQPRTF	CASSSGPGDGETQYF	TCRBV07-06	TCRBJ02-05
eLH42	surface glycoprotein	YLQPRTFL,YLQPRTFLL,YYVGYLQPRTF	CASGGENTGELFF	TCRBV02-01	TCRBJ02-02
eLH42	surface glycoprotein	YLQPRTFL,YLQPRTFLL,YYVGYLQPRTF	CASSVNSGAETQYF	TCRBV09-01	TCRBJ02-05
eLH42	surface glycoprotein	YLQPRTFL,YLQPRTFLL,YYVGYLQPRTF	CASCEVNTGELFF	TCRBV07-09	TCRBJ02-02
eLH42	surface glycoprotein	YLQPRTFL,YLQPRTFLL,YYVGYLQPRTF	CASMDGNTGELFF	TCRBV05-01	TCRBJ02-02
eLH42	surface glycoprotein	YLQPRTFL,YLQPRTFLL,YYVGYLQPRTF	CASSESNSLKAFF	TCRBV25-01	TCRBJ01-01
eLH42	surface glycoprotein	YLQPRTFL,YLQPRTFLL,YYVGYLQPRTF	CAGQGANTGELFF	TCRBV03-01/03-02	TCRBJ02-02
eLH42	surface glycoprotein	YLQPRTFL,YLQPRTFLL,YYVGYLQPRTF	CASIELNTGELFF	TCRBV04-02	TCRBJ02-02
eLH42	surface glycoprotein	FPNITNLCPF,QPTESIVRF,RFPNITNLCPF,TESIVRFPNI,VQPTESIVRF,VRFPNITNL	CSARDGTSAKSYEQYF	TCRBV20-X	TCRBJ02-07
eLH42	surface glycoprotein	LYNSASFSTF,NSASFSTFK,SVLYNSASF,YSVLYNSASF	CSVDYGRSRNEQFF	TCRBV29-01	TCRBJ02-01
eLH42	surface glycoprotein	CFTNVYADSF,FTNVYADSF,FTNVYADSFV,KLNDLCFTNV,LNDLCFTNVY,NVYADSFVIR,VYADSFVIR	CSATTSGKIYNEQFF	TCRBV20-X	TCRBJ02-01
eLH42	surface glycoprotein	NYLYRLFRK,NYNYLYRLF	CASSYEGTRLTGELFF	TCRBV06-05	TCRBJ02-02
eLH42	surface glycoprotein	NYLYRLFRK,NYNYLYRLF	CASGDRESTTDTQYF	TCRBV07-09	TCRBJ02-03
eLH42	surface glycoprotein	NYLYRLFRK,NYNYLYRLF	CASSLTSVGAANEQFF	TCRBV05-01	TCRBJ02-01
eLH42	surface glycoprotein	FERDISTEI,FERDISTEIY,KPFERDISTEI	CASSQGGGHLNTEAFF	TCRBV04-01	TCRBJ01-01
eLH42	surface glycoprotein	STGSNVFQTR,TGSNVFQTR,VYSTGSNVF	CASSFWVGGQPQHF	TCRBV28-01	TCRBJ01-05
eLH42	surface glycoprotein	GAEHVNNSY,IGAEHVNNSY	CASSLEQGAYNSPLHF	TCRBV05-05	TCRBJ01-06
eLH42	surface glycoprotein	IYKTPPIKDF,KQIYKTPPIK	CASSSSLRSYEQYF	TCRBV06-05	TCRBJ02-07
eLH42	surface glycoprotein	ILPDPSKPSK	CSASREETQYF	TCRBV20-01	TCRBJ02-05
eLH42	surface glycoprotein	LSSTASALGK,SSTASALGK	CASTPTSYNEQFF	TCRBV28-01	TCRBJ02-01
eLH42	surface glycoprotein	APHGVVFL,APHGVVFLHV,GVVFLHVTY,VVFLHVTYV	CASTTGTGDTEAFF	TCRBV05-01	TCRBJ01-01
eLH42	surface glycoprotein	APHGVVFL,APHGVVFLHV,GVVFLHVTY,VVFLHVTYV	CASSLGTGDTEAFF	TCRBV05-01	TCRBJ01-01
eLH42	surface glycoprotein	APHGVVFL,APHGVVFLHV,GVVFLHVTY,VVFLHVTYV	CASSLGTGDTEAFF	TCRBV05-01	TCRBJ01-01
eLH42	surface glycoprotein	APHGVVFL,APHGVVFLHV,GVVFLHVTY,VVFLHVTYV	CASSLGTGDTEAFF	TCRBV05-01	TCRBJ01-01
eLH42	surface glycoprotein	APHGVVFL,APHGVVFLHV,GVVFLHVTY,VVFLHVTYV	CASSPGQALPYEQYF	TCRBV07-09	TCRBJ02-07
eLH42	surface glycoprotein	APHGVVFL,APHGVVFLHV,GVVFLHVTY,VVFLHVTYV	CASSLGTGDTEAFF	TCRBV05-01	TCRBJ01-01
eLH42	surface glycoprotein	APHGVVFL,APHGVVFLHV,GVVFLHVTY,VVFLHVTYV	CASSLGQGDTEAFF	TCRBV05-01	TCRBJ01-01
eLH42	surface glycoprotein	APHGVVFL,APHGVVFLHV,GVVFLHVTY,VVFLHVTYV	CASSLSQGDTEAFF	TCRBV05-01	TCRBJ01-01
eLH42	surface glycoprotein	APHGVVFL,APHGVVFLHV,GVVFLHVTY,VVFLHVTYV	CASSLGQGDTEAFF	TCRBV05-01	TCRBJ01-01
eLH42	surface glycoprotein	APHGVVFL,APHGVVFLHV,GVVFLHVTY,VVFLHVTYV	CASSPGQGDTEAFF	TCRBV05-01	TCRBJ01-01
eLH42	surface glycoprotein	APHGVVFL,APHGVVFLHV,GVVFLHVTY,VVFLHVTYV	CASSLGQGDTEAFF	TCRBV05-01	TCRBJ01-01
eLH42	surface glycoprotein	APHGVVFL,APHGVVFLHV,GVVFLHVTY,VVFLHVTYV	CASSRGQGDTEAFF	TCRBV05-01	TCRBJ01-01
eLH42	surface glycoprotein	APHGVVFL,APHGVVFLHV,GVVFLHVTY,VVFLHVTYV	CASSLGQGDTEAFF	TCRBV05-01	TCRBJ01-01
eLH42	surface glycoprotein	APHGVVFL,APHGVVFLHV,GVVFLHVTY,VVFLHVTYV	CASSLGAGDTEAFF	TCRBV05-01	TCRBJ01-01
eLH42	surface glycoprotein	APHGVVFL,APHGVVFLHV,GVVFLHVTY,VVFLHVTYV	CASSVGQGDTEAFF	TCRBV05-01	TCRBJ01-01
eLH42	surface glycoprotein	APHGVVFL,APHGVVFLHV,GVVFLHVTY,VVFLHVTYV	CASSAGQGDTEAFF	TCRBV05-01	TCRBJ01-01
eLH42	surface glycoprotein	APHGVVFL,APHGVVFLHV,GVVFLHVTY,VVFLHVTYV	CASSLGTGDTEAFF	TCRBV05-01	TCRBJ01-01
eLH42	surface glycoprotein	APHGVVFL,APHGVVFLHV,GVVFLHVTY,VVFLHVTYV	CASSLGQGDTEAFF	TCRBV05-01	TCRBJ01-01
eLH42	surface glycoprotein	APHGVVFL,APHGVVFLHV,GVVFLHVTY,VVFLHVTYV	CASSRGQGDTEAFF	TCRBV05-01	TCRBJ01-01
eLH42	surface glycoprotein	APHGVVFL,APHGVVFLHV,GVVFLHVTY,VVFLHVTYV	CASSRGQGDAEAFF	TCRBV05-01	TCRBJ01-01
eLH42	surface glycoprotein	APHGVVFL,APHGVVFLHV,GVVFLHVTY,VVFLHVTYV	CASSLGQGDTEAFF	TCRBV05-01	TCRBJ01-01
eLH42	surface glycoprotein	APHGVVFL,APHGVVFLHV,GVVFLHVTY,VVFLHVTYV	CASSMGHGDTEAFF	TCRBV05-01	TCRBJ01-01
eLH42	surface glycoprotein	APHGVVFL,APHGVVFLHV,GVVFLHVTY,VVFLHVTYV	CASSLGQGSSGNTIYF	TCRBV05-01	TCRBJ01-03
eLH42	surface glycoprotein	APHGVVFL,APHGVVFLHV,GVVFLHVTY,VVFLHVTYV	CASSAGQGLPYEQYF	TCRBV05-01	TCRBJ02-07
eLH42	surface glycoprotein	APHGVVFL,APHGVVFLHV,GVVFLHVTY,VVFLHVTYV	CASSLGTGDTEAFF	TCRBV05-01	TCRBJ01-01
eLH42	surface glycoprotein	APHGVVFL,APHGVVFLHV,GVVFLHVTY,VVFLHVTYV	CASSLRD*GLQETQYF	TCRBV27-01	TCRBJ02-05
eLH42	surface glycoprotein	APHGVVFL,APHGVVFLHV,GVVFLHVTY,VVFLHVTYV	CASSPGQGDTEAFF	TCRBV05-01	TCRBJ01-01
eLH42	surface glycoprotein	APHGVVFL,APHGVVFLHV,GVVFLHVTY,VVFLHVTYV	CASSLGQGDTEAFF	TCRBV05-01	TCRBJ01-01
eLH42	surface glycoprotein	APHGVVFL,APHGVVFLHV,GVVFLHVTY,VVFLHVTYV	CASSQGHGDTEAFF	TCRBV05-01	TCRBJ01-01
eLH42	surface glycoprotein	APHGVVFL,APHGVVFLHV,GVVFLHVTY,VVFLHVTYV	CASSFGQGDTEAFF	TCRBV05-01	TCRBJ01-01
eLH42	surface glycoprotein	TVYDPLQPELDSFK	CASSGWGQNTGELFF	TCRBV25-01	TCRBJ02-02
eLH42	surface glycoprotein	QYIKWPWYI,YEQYIKWPW,YEQYIKWPWY	CASSLEQGWNTF	TCRBV07-09	TCRBJ01-02
eLH42	surface glycoprotein	QYIKWPWYI,YEQYIKWPW,YEQYIKWPWY	CASSLRSGGQGSLGNTEAFF	TCRBV13-01	TCRBJ01-01
eLH42	surface glycoprotein	QYIKWPWYI,YEQYIKWPW,YEQYIKWPWY	CASSSGLAKGDEQFF	TCRBV07-08	TCRBJ02-01
eLH42	surface glycoprotein	QYIKWPWYI,YEQYIKWPW,YEQYIKWPWY	CASSSGEAFF	TCRBV07-08	TCRBJ01-01
eLH42	surface glycoprotein	QYIKWPWYI,YEQYIKWPW,YEQYIKWPWY	CASSDLITNRETQYF	TCRBV25-01	TCRBJ02-05
eLH42	surface glycoprotein	QYIKWPWYI,YEQYIKWPW,YEQYIKWPWY	CSARDQGRAYEQYF	TCRBV20-X	TCRBJ02-07
eLH42	surface glycoprotein	QYIKWPWYI,YEQYIKWPW,YEQYIKWPWY	CASSLGQGPSYEQYF	TCRBV07-08	TCRBJ02-07
eLH42	surface glycoprotein	FIAGLIAIV	CASSFLETEETQYF	TCRBV28-01	TCRBJ02-05
eLH42	ORF3a	ALSKGVHFV	CASTILRDLQLHTEAFF	TCRBV13-01	TCRBJ01-01
eLH42	ORF3a	ALSKGVHFV	CASSSAGTGVLGEQYF	TCRBV28-01	TCRBJ02-07
eLH42	ORF3a	FLQSINFVR,FLQSINFVRI,FLYLYALVYF,GLEAPFLYLY,INFVRIIMR,LQSINFVRI,LQSINFVRII,QSINFVRII,SINFVRIIMR,VYFLQSINF,VYFLQSINFV,YFLQSINFVR,YLYALVYFL	CATLLWQSGANVLTF	TCRBV28-01	TCRBJ02-06
eLH42	ORF3a	FLQSINFVR,FLQSINFVRI,FLYLYALVYF,GLEAPFLYLY,INFVRIIMR,LQSINFVRI,LQSINFVRII,QSINFVRII,SINFVRIIMR,VYFLQSINF,VYFLQSINFV,YFLQSINFVR,YLYALVYFL	CASRVLGTSGGDEQFF	TCRBV02-01	TCRBJ02-01
eLH42	ORF3a	FLQSINFVR,FLQSINFVRI,FLYLYALVYF,GLEAPFLYLY,INFVRIIMR,LQSINFVRI,LQSINFVRII,QSINFVRII,SINFVRIIMR,VYFLQSINF,VYFLQSINFV,YFLQSINFVR,YLYALVYFL	CNTDTQYF	TCRBV29-01	TCRBJ02-03
eLH42	ORF3a	FLQSINFVR,FLQSINFVRI,FLYLYALVYF,GLEAPFLYLY,INFVRIIMR,LQSINFVRI,LQSINFVRII,QSINFVRII,SINFVRIIMR,VYFLQSINF,VYFLQSINFV,YFLQSINFVR,YLYALVYFL	CASSFGGATDTQYF	TCRBV12-X	TCRBJ02-03
eLH42	ORF3a	FLQSINFVR,FLQSINFVRI,FLYLYALVYF,GLEAPFLYLY,INFVRIIMR,LQSINFVRI,LQSINFVRII,QSINFVRII,SINFVRIIMR,VYFLQSINF,VYFLQSINFV,YFLQSINFVR,YLYALVYFL	CASSLRLNTGELFF	TCRBV07-09	TCRBJ02-02
eLH42	ORF3a	FLQSINFVR,FLQSINFVRI,FLYLYALVYF,GLEAPFLYLY,INFVRIIMR,LQSINFVRI,LQSINFVRII,QSINFVRII,SINFVRIIMR,VYFLQSINF,VYFLQSINFV,YFLQSINFVR,YLYALVYFL	CASGELPYEQYF	TCRBV25-01	TCRBJ02-07
eLH42	ORF3a	FLQSINFVR,FLQSINFVRI,FLYLYALVYF,GLEAPFLYLY,INFVRIIMR,LQSINFVRI,LQSINFVRII,QSINFVRII,SINFVRIIMR,VYFLQSINF,VYFLQSINFV,YFLQSINFVR,YLYALVYFL	CASSPQIGTGGREKLFF	TCRBV04-01	TCRBJ01-04
eLH42	ORF3a	FLQSINFVR,FLQSINFVRI,FLYLYALVYF,GLEAPFLYLY,INFVRIIMR,LQSINFVRI,LQSINFVRII,QSINFVRII,SINFVRIIMR,VYFLQSINF,VYFLQSINFV,YFLQSINFVR,YLYALVYFL	CASSPQAGGSSYEQYF	TCRBV04-01	TCRBJ02-07
eLH42	ORF3a	FLQSINFVR,FLQSINFVRI,FLYLYALVYF,GLEAPFLYLY,INFVRIIMR,LQSINFVRI,LQSINFVRII,QSINFVRII,SINFVRIIMR,VYFLQSINF,VYFLQSINFV,YFLQSINFVR,YLYALVYFL	CASSLQVGTGGRQPQHF	TCRBV04-01	TCRBJ01-05
eLH42	ORF3a	FLQSINFVR,FLQSINFVRI,FLYLYALVYF,GLEAPFLYLY,INFVRIIMR,LQSINFVRI,LQSINFVRII,QSINFVRII,SINFVRIIMR,VYFLQSINF,VYFLQSINFV,YFLQSINFVR,YLYALVYFL	CASSSIAGGQADTQYF	TCRBV07-09	TCRBJ02-03
eLH42	ORF3a	FLQSINFVR,FLQSINFVRI,FLYLYALVYF,GLEAPFLYLY,INFVRIIMR,LQSINFVRI,LQSINFVRII,QSINFVRII,SINFVRIIMR,VYFLQSINF,VYFLQSINFV,YFLQSINFVR,YLYALVYFL	CARYPDRDVDGYTF	TCRBV02-01	TCRBJ01-02
eLH42	ORF3a	FLQSINFVR,FLQSINFVRI,FLYLYALVYF,GLEAPFLYLY,INFVRIIMR,LQSINFVRI,LQSINFVRII,QSINFVRII,SINFVRIIMR,VYFLQSINF,VYFLQSINFV,YFLQSINFVR,YLYALVYFL	CASSPQPGTGGFYEQYF	TCRBV04-01	TCRBJ02-07
eLH42	ORF3a	FLQSINFVR,FLQSINFVRI,FLYLYALVYF,GLEAPFLYLY,INFVRIIMR,LQSINFVRI,LQSINFVRII,QSINFVRII,SINFVRIIMR,VYFLQSINF,VYFLQSINFV,YFLQSINFVR,YLYALVYFL	CSARGSREA*GKSNQPQHF	TCRBV20-X	TCRBJ01-05
eLH42	ORF3a	FLQSINFVR,FLQSINFVRI,FLYLYALVYF,GLEAPFLYLY,INFVRIIMR,LQSINFVRI,LQSINFVRII,QSINFVRII,SINFVRIIMR,VYFLQSINF,VYFLQSINFV,YFLQSINFVR,YLYALVYFL	CASSYGVDEQFF	TCRBV06-06	TCRBJ02-01
eLH42	ORF3a	FLQSINFVR,FLQSINFVRI,FLYLYALVYF,GLEAPFLYLY,INFVRIIMR,LQSINFVRI,LQSINFVRII,QSINFVRII,SINFVRIIMR,VYFLQSINF,VYFLQSINFV,YFLQSINFVR,YLYALVYFL	CASSPQGEGAPFSPLHF	TCRBV04-01	TCRBJ01-06
eLH42	ORF3a	FLQSINFVR,FLQSINFVRI,FLYLYALVYF,GLEAPFLYLY,INFVRIIMR,LQSINFVRI,LQSINFVRII,QSINFVRII,SINFVRIIMR,VYFLQSINF,VYFLQSINFV,YFLQSINFVR,YLYALVYFL	CASSPANYEQYF	TCRBV14-01	TCRBJ02-07
eLH42	ORF3a	FLQSINFVR,FLQSINFVRI,FLYLYALVYF,GLEAPFLYLY,INFVRIIMR,LQSINFVRI,LQSINFVRII,QSINFVRII,SINFVRIIMR,VYFLQSINF,VYFLQSINFV,YFLQSINFVR,YLYALVYFL	CASSQASGAYYEQYF	TCRBV04-01	TCRBJ02-07
eLH42	ORF3a	FLQSINFVR,FLQSINFVRI,FLYLYALVYF,GLEAPFLYLY,INFVRIIMR,LQSINFVRI,LQSINFVRII,QSINFVRII,SINFVRIIMR,VYFLQSINF,VYFLQSINFV,YFLQSINFVR,YLYALVYFL	CASSQPYDRGALYEQYF	TCRBV04-02	TCRBJ02-07
eLH42	ORF3a	FLQSINFVR,FLQSINFVRI,FLYLYALVYF,GLEAPFLYLY,INFVRIIMR,LQSINFVRI,LQSINFVRII,QSINFVRII,SINFVRIIMR,VYFLQSINF,VYFLQSINFV,YFLQSINFVR,YLYALVYFL	CASSPHNYEQYF	TCRBV14-01	TCRBJ02-07
eLH42	ORF3a	FLQSINFVR,FLQSINFVRI,FLYLYALVYF,GLEAPFLYLY,INFVRIIMR,LQSINFVRI,LQSINFVRII,QSINFVRII,SINFVRIIMR,VYFLQSINF,VYFLQSINFV,YFLQSINFVR,YLYALVYFL	CASSGAPGVGEKLFF	TCRBV10-02	TCRBJ01-04
eLH42	ORF3a	FLQSINFVR,FLQSINFVRI,FLYLYALVYF,GLEAPFLYLY,INFVRIIMR,LQSINFVRI,LQSINFVRII,QSINFVRII,SINFVRIIMR,VYFLQSINF,VYFLQSINFV,YFLQSINFVR,YLYALVYFL	CASRSQGNEQYF	TCRBV12-03/12-04	TCRBJ02-07
eLH42	ORF3a	FLQSINFVR,FLQSINFVRI,FLYLYALVYF,GLEAPFLYLY,INFVRIIMR,LQSINFVRI,LQSINFVRII,QSINFVRII,SINFVRIIMR,VYFLQSINF,VYFLQSINFV,YFLQSINFVR,YLYALVYFL	CASSQQPGTGGRQPQHF	TCRBV04-01	TCRBJ01-05
eLH42	ORF3a	FLQSINFVR,FLQSINFVRI,FLYLYALVYF,GLEAPFLYLY,INFVRIIMR,LQSINFVRI,LQSINFVRII,QSINFVRII,SINFVRIIMR,VYFLQSINF,VYFLQSINFV,YFLQSINFVR,YLYALVYFL	CASSPYPRIEETQYF	TCRBV07-09	TCRBJ02-05
eLH42	ORF3a	FLQSINFVR,FLQSINFVRI,FLYLYALVYF,GLEAPFLYLY,INFVRIIMR,LQSINFVRI,LQSINFVRII,QSINFVRII,SINFVRIIMR,VYFLQSINF,VYFLQSINFV,YFLQSINFVR,YLYALVYFL	CASGGLRDRDFRAGVLGWTQYF	TCRBV10-02	TCRBJ02-05
eLH42	ORF3a	FLQSINFVR,FLQSINFVRI,FLYLYALVYF,GLEAPFLYLY,INFVRIIMR,LQSINFVRI,LQSINFVRII,QSINFVRII,SINFVRIIMR,VYFLQSINF,VYFLQSINFV,YFLQSINFVR,YLYALVYFL	CASFSASYEQYF	TCRBV27-01	TCRBJ02-07
eLH42	ORF3a	FLQSINFVR,FLQSINFVRI,FLYLYALVYF,GLEAPFLYLY,INFVRIIMR,LQSINFVRI,LQSINFVRII,QSINFVRII,SINFVRIIMR,VYFLQSINF,VYFLQSINFV,YFLQSINFVR,YLYALVYFL	CAPRPQGAGAPHGEQFF	TCRBV04-01	TCRBJ02-01
eLH42	ORF3a	FLQSINFVR,FLQSINFVRI,FLYLYALVYF,GLEAPFLYLY,INFVRIIMR,LQSINFVRI,LQSINFVRII,QSINFVRII,SINFVRIIMR,VYFLQSINF,VYFLQSINFV,YFLQSINFVR,YLYALVYFL	CASRPQGAGAPHGEQFF	TCRBV04-01	TCRBJ02-01
eLH42	ORF3a	FLQSINFVR,FLQSINFVRI,FLYLYALVYF,GLEAPFLYLY,INFVRIIMR,LQSINFVRI,LQSINFVRII,QSINFVRII,SINFVRIIMR,VYFLQSINF,VYFLQSINFV,YFLQSINFVR,YLYALVYFL	CATLDWGAGANVLTF	TCRBV28-01	TCRBJ02-06
eLH42	ORF3a	FLQSINFVR,FLQSINFVRI,FLYLYALVYF,GLEAPFLYLY,INFVRIIMR,LQSINFVRI,LQSINFVRII,QSINFVRII,SINFVRIIMR,VYFLQSINF,VYFLQSINFV,YFLQSINFVR,YLYALVYFL	CASSLPGSRGNEQFF	TCRBV27-01	TCRBJ02-01
eLH42	ORF3a	LLYDANYFL,LLYDANYFLC,LYDANYFLCW,NPLLYDANY,PLLYDANYFL,YDANYFLCW	CASSQASGGDDEQYF	TCRBV04-02	TCRBJ02-07
eLH42	ORF3a	LLYDANYFL,LLYDANYFLC,LYDANYFLCW,NPLLYDANY,PLLYDANYFL,YDANYFLCW	CASSYSSGEQYF	TCRBV06-05	TCRBJ02-07
eLH42	ORF3a	LLYDANYFL,LLYDANYFLC,LYDANYFLCW,NPLLYDANY,PLLYDANYFL,YDANYFLCW	CASSRTQTSGYNEQFF	TCRBV28-01	TCRBJ02-01
eLH42	ORF3a	LLYDANYFL,LLYDANYFLC,LYDANYFLCW,NPLLYDANY,PLLYDANYFL,YDANYFLCW	CASTEDPGGYNEQFF	TCRBV05-01	TCRBJ02-01
eLH42	ORF3a	LLYDANYFL,LLYDANYFLC,LYDANYFLCW,NPLLYDANY,PLLYDANYFL,YDANYFLCW	CSARELSNEQFF	TCRBV20-X	TCRBJ02-01
eLH42	ORF3a	LLYDANYFL,LLYDANYFLC,LYDANYFLCW,NPLLYDANY,PLLYDANYFL,YDANYFLCW	CASSLTAPMNTEAFF	TCRBV27-01	TCRBJ01-01
eLH42	ORF3a	GVEHVTFFIY,HVTFFIYNK,STDTGVEHVTFFIY,VEHVTFFIY	CASSDWAGLQETQYF	TCRBV06-06	TCRBJ02-05
eLH42	ORF3a	GVEHVTFFIY,HVTFFIYNK,STDTGVEHVTFFIY,VEHVTFFIY	CASSLGGYEQYF	TCRBV05-01	TCRBJ02-07
eLH42	membrane glycoprotein	EELKKLLEQW,KLLEQWNLV,QWNLVIGFLF	CSARDHRAATYNEQFF	TCRBV20-X	TCRBJ02-01
eLH42	membrane glycoprotein	EELKKLLEQW,KLLEQWNLV,QWNLVIGFLF	CASRQGLPYEQYF	TCRBV02-01	TCRBJ02-07
eLH42	membrane glycoprotein	FLYIIKLIFL,FLYIIKLVFL,LYIIKLIFL,LYIIKLIFLW,RFLYIIKLIF,YIIKLIFLW,YIIKLIFLWL	CASSEWVSTDTEAFF	TCRBV02-01	TCRBJ01-01
eLH42	membrane glycoprotein	FLYIIKLIFL,FLYIIKLVFL,LYIIKLIFL,LYIIKLIFLW,RFLYIIKLIF,YIIKLIFLW,YIIKLIFLWL	CSARDGLLQETQYF	TCRBV20-X	TCRBJ02-05
eLH42	membrane glycoprotein	FLYIIKLIFL,FLYIIKLVFL,LYIIKLIFL,LYIIKLIFLW,RFLYIIKLIF,YIIKLIFLW,YIIKLIFLWL	CASSGSGELFF	TCRBV02-01	TCRBJ02-02
eLH42	membrane glycoprotein	FLWLLWPVT,FLWLLWPVTL,LWLLWPVTL,LWPVTLACF,TLACFVLAAV,WLLWPVTLA,WPVTLACFVL	CASSYWTDGYTF	TCRBV06-02/06-03	TCRBJ01-02
eLH42	membrane glycoprotein	FLWLLWPVT,FLWLLWPVTL,LWLLWPVTL,LWPVTLACF,TLACFVLAAV,WLLWPVTLA,WPVTLACFVL	CSVESSWTGNYGYTF	TCRBV29-01	TCRBJ01-02
eLH42	membrane glycoprotein	FLWLLWPVT,FLWLLWPVTL,LWLLWPVTL,LWPVTLACF,TLACFVLAAV,WLLWPVTLA,WPVTLACFVL	CATSARTAYEQYF	TCRBV24-01	TCRBJ02-07
eLH42	membrane glycoprotein	FLWLLWPVT,FLWLLWPVTL,LWLLWPVTL,LWPVTLACF,TLACFVLAAV,WLLWPVTLA,WPVTLACFVL	CASSFGGGYEQYF	TCRBV12-03/12-04	TCRBJ02-07
eLH42	membrane glycoprotein	FLWLLWPVT,FLWLLWPVTL,LWLLWPVTL,LWPVTLACF,TLACFVLAAV,WLLWPVTLA,WPVTLACFVL	CASSSGWDQYF	TCRBV07-02	TCRBJ02-05
eLH42	membrane glycoprotein	FLWLLWPVT,FLWLLWPVTL,LWLLWPVTL,LWPVTLACF,TLACFVLAAV,WLLWPVTLA,WPVTLACFVL	CASSEWDRVDNEQFF	TCRBV02-01	TCRBJ02-01
eLH42	membrane glycoprotein	FLWLLWPVT,FLWLLWPVTL,LWLLWPVTL,LWPVTLACF,TLACFVLAAV,WLLWPVTLA,WPVTLACFVL	CATSDRPEELFF	TCRBV24-01	TCRBJ02-02
eLH42	membrane glycoprotein	FLWLLWPVT,FLWLLWPVTL,LWLLWPVTL,LWPVTLACF,TLACFVLAAV,WLLWPVTLA,WPVTLACFVL	CASSIGGAPYGYTF	TCRBV19-01	TCRBJ01-02
eLH42	membrane glycoprotein	FLWLLWPVT,FLWLLWPVTL,LWLLWPVTL,LWPVTLACF,TLACFVLAAV,WLLWPVTLA,WPVTLACFVL	CASSFSYEQYF	TCRBV07-02	TCRBJ02-07
eLH42	membrane glycoprotein	FLWLLWPVT,FLWLLWPVTL,LWLLWPVTL,LWPVTLACF,TLACFVLAAV,WLLWPVTLA,WPVTLACFVL	CAISESGQVHLLSSTGELFF	TCRBV10-03	TCRBJ02-02
eLH42	membrane glycoprotein	FIASFRLFA,SYFIASFRLF,YFIASFRLF,YFIASFRLFA	CASSPKYNEQFF	TCRBV18-01	TCRBJ02-01
eLH42	membrane glycoprotein	FIASFRLFA,SYFIASFRLF,YFIASFRLF,YFIASFRLFA	CASSKVPD*RGAYEQYF	TCRBV21-01	TCRBJ02-07
eLH42	membrane glycoprotein	FIASFRLFA,SYFIASFRLF,YFIASFRLF,YFIASFRLFA	CASSYPGRVRDFEQFF	TCRBV06-02/06-03	TCRBJ02-01
eLH42	membrane glycoprotein	FIASFRLFA,SYFIASFRLF,YFIASFRLF,YFIASFRLFA	CASSEFWLEPQHF	TCRBV02-01	TCRBJ01-05
eLH42	membrane glycoprotein	FIASFRLFA,SYFIASFRLF,YFIASFRLF,YFIASFRLFA	CASSYGPANEQYF	TCRBV06-05	TCRBJ02-07
eLH42	membrane glycoprotein	SELVIGAVI,SELVIGAVIL	CASSATSYNEQFF	TCRBV07-03	TCRBJ02-01
eLH42	membrane glycoprotein	HLRIAGHHL,RIAGHHLGR	CASSSGSYGYTF	TCRBV05-04	TCRBJ01-02
eLH42	ORF6	FKVSIWNLDY,ILLIIMRTFK,IMRTFKVSI,KVSIWNLDY,KVSIWNLDYI,LIIMRTFKV,RTFKVSIWNL,SIWNLDYII,TFKVSIWNL,VSIWNLDYII	CASSLGAGRRGYTF	TCRBV05-06	TCRBJ01-02
eLH42	ORF6	FKVSIWNLDY,ILLIIMRTFK,IMRTFKVSI,KVSIWNLDY,KVSIWNLDYI,LIIMRTFKV,RTFKVSIWNL,SIWNLDYII,TFKVSIWNL,VSIWNLDYII	CASSVSGGFEAFF	TCRBV09-01	TCRBJ01-01
eLH42	ORF6	FKVSIWNLDY,ILLIIMRTFK,IMRTFKVSI,KVSIWNLDY,KVSIWNLDYI,LIIMRTFKV,RTFKVSIWNL,SIWNLDYII,TFKVSIWNL,VSIWNLDYII	CASSPDIEQYF	TCRBV07-09	TCRBJ02-07
eLH42	ORF6	FKVSIWNLDY,ILLIIMRTFK,IMRTFKVSI,KVSIWNLDY,KVSIWNLDYI,LIIMRTFKV,RTFKVSIWNL,SIWNLDYII,TFKVSIWNL,VSIWNLDYII	CASSFGNEQFF	TCRBV07-09	TCRBJ02-01
eLH42	ORF6	FKVSIWNLDY,ILLIIMRTFK,IMRTFKVSI,KVSIWNLDY,KVSIWNLDYI,LIIMRTFKV,RTFKVSIWNL,SIWNLDYII,TFKVSIWNL,VSIWNLDYII	CSASRGGELFF	TCRBV20-01	TCRBJ02-02
eLH42	ORF6	FKVSIWNLDY,ILLIIMRTFK,IMRTFKVSI,KVSIWNLDY,KVSIWNLDYI,LIIMRTFKV,RTFKVSIWNL,SIWNLDYII,TFKVSIWNL,VSIWNLDYII	CASSFWGQGGETQYF	TCRBV13-01	TCRBJ02-03
eLH42	ORF7a	ELYSPIFLI,LYSPIFLIV,QELYSPIFL,VQELYSPIF,VQELYSPIFL	CSATLDSPLTDTQYF	TCRBV20-X	TCRBJ02-03
eLH42	ORF7a	ELYSPIFLI,LYSPIFLIV,QELYSPIFL,VQELYSPIF,VQELYSPIFL	CASSLSGVEARHF	TCRBV27-01	TCRBJ01-05
eLH42	ORF7a	ELYSPIFLI,LYSPIFLIV,QELYSPIFL,VQELYSPIF,VQELYSPIFL	CASSSHRVSGANVLTF	TCRBV11-02	TCRBJ02-06
eLH42	ORF7a	ELYSPIFLI,LYSPIFLIV,QELYSPIFL,VQELYSPIF,VQELYSPIFL	CASSGLAGSYNEQFF	TCRBV02-01	TCRBJ02-01
eLH42	ORF7a	ELYSPIFLI,LYSPIFLIV,QELYSPIFL,VQELYSPIF,VQELYSPIFL	CASSLVRSGEKLFF	TCRBV05-06	TCRBJ01-04
eLH42	ORF7a	ELYSPIFLI,LYSPIFLIV,QELYSPIFL,VQELYSPIF,VQELYSPIFL	CASSLDRSRQVSNEQFF	TCRBV07-08	TCRBJ02-01
eLH42	ORF7a	ELYSPIFLI,LYSPIFLIV,QELYSPIFL,VQELYSPIF,VQELYSPIFL	CASRGELEGWYEQYF	TCRBV28-01	TCRBJ02-07
eLH42	ORF7a	ELYSPIFLI,LYSPIFLIV,QELYSPIFL,VQELYSPIF,VQELYSPIFL	CASRRQGDTGELFF	TCRBV09-01	TCRBJ02-02
eLH42	ORF7a	ELYSPIFLI,LYSPIFLIV,QELYSPIFL,VQELYSPIF,VQELYSPIFL	CASSHVQLAGGVYNEQFF	TCRBV03-01/03-02	TCRBJ02-01
eLH42	ORF7a	ELYSPIFLI,LYSPIFLIV,QELYSPIFL,VQELYSPIF,VQELYSPIFL	CASSLTGGKYEQFF	TCRBV11-02	TCRBJ02-01
eLH42	ORF7a	VFITLCFTL,VFITLCFTLK	CASSLGQGQAEAFF	TCRBV05-01	TCRBJ01-01
eLH42	ORF7a	VFITLCFTL,VFITLCFTLK	CASSPPQETQYF	TCRBV07-09	TCRBJ02-05
eLH42	ORF7a	VFITLCFTL,VFITLCFTLK	CASSVGETEAFF	TCRBV09-01	TCRBJ01-01
eLH42	ORF7a	VFITLCFTL,VFITLCFTLK	CASRSRRDRGQETQYF	TCRBV19-01	TCRBJ02-05
eLH42	ORF7a	VFITLCFTL,VFITLCFTLK	CASSQPGLGLAGELFF	TCRBV04-01	TCRBJ02-02
eLH42	ORF7a	VFITLCFTL,VFITLCFTLK	CASSPTDSHNEQFF	TCRBV07-09	TCRBJ02-01
eLH42	ORF7a	VFITLCFTL,VFITLCFTLK	CASSYQTGGTEAFF	TCRBV06-05	TCRBJ01-01
eLH42	ORF7b	AFLLFLVLI,FLAFLLFLV,FYLCFLAFL,FYLCFLAFLL,IDFYLCFLAF,IELSLIDFYL,LIDFYLCFL,LLFLVLIML,MIELSLIDFY,SLIDFYLCFL,YLCFLAFLL	CASSELVGTGGNEQYF	TCRBV07-06	TCRBJ02-07
eLH42	ORF7b	AFLLFLVLI,FLAFLLFLV,FYLCFLAFL,FYLCFLAFLL,IDFYLCFLAF,IELSLIDFYL,LIDFYLCFL,LLFLVLIML,MIELSLIDFY,SLIDFYLCFL,YLCFLAFLL	CASSLYRGNLFDEQFF	TCRBV06-X	TCRBJ02-01
eLH42	ORF7b	AFLLFLVLI,FLAFLLFLV,FYLCFLAFL,FYLCFLAFLL,IDFYLCFLAF,IELSLIDFYL,LIDFYLCFL,LLFLVLIML,MIELSLIDFY,SLIDFYLCFL,YLCFLAFLL	CASSLLALGTDTQYF	TCRBV19-01	TCRBJ02-03
eLH42	ORF7b	AFLLFLVLI,FLAFLLFLV,FYLCFLAFL,FYLCFLAFLL,IDFYLCFLAF,IELSLIDFYL,LIDFYLCFL,LLFLVLIML,MIELSLIDFY,SLIDFYLCFL,YLCFLAFLL	CASSDTGTGELFF	TCRBV25-01	TCRBJ02-02
eLH42	ORF7b	AFLLFLVLI,FLAFLLFLV,FYLCFLAFL,FYLCFLAFLL,IDFYLCFLAF,IELSLIDFYL,LIDFYLCFL,LLFLVLIML,MIELSLIDFY,SLIDFYLCFL,YLCFLAFLL	CASSFGQYNSPLHF	TCRBV28-01	TCRBJ01-06
eLH42	ORF7b	AFLLFLVLI,FLAFLLFLV,FYLCFLAFL,FYLCFLAFLL,IDFYLCFLAF,IELSLIDFYL,LIDFYLCFL,LLFLVLIML,MIELSLIDFY,SLIDFYLCFL,YLCFLAFLL	CASSLGVGGGSPLHF	TCRBV07-08	TCRBJ01-06
eLH42	ORF7b	AFLLFLVLI,FLAFLLFLV,FYLCFLAFL,FYLCFLAFLL,IDFYLCFLAF,IELSLIDFYL,LIDFYLCFL,LLFLVLIML,MIELSLIDFY,SLIDFYLCFL,YLCFLAFLL	CASSLVLGTTRYNEQFF	TCRBV07-09	TCRBJ02-01
eLH42	ORF7b	AFLLFLVLI,FLAFLLFLV,FYLCFLAFL,FYLCFLAFLL,IDFYLCFLAF,IELSLIDFYL,LIDFYLCFL,LLFLVLIML,MIELSLIDFY,SLIDFYLCFL,YLCFLAFLL	CASSHLGLDFYEQYF	TCRBV06-05	TCRBJ02-07
eLH42	ORF7b	AFLLFLVLI,FLAFLLFLV,FYLCFLAFL,FYLCFLAFLL,IDFYLCFLAF,IELSLIDFYL,LIDFYLCFL,LLFLVLIML,MIELSLIDFY,SLIDFYLCFL,YLCFLAFLL	CASSLGASMNTEAFF	TCRBV13-01	TCRBJ01-01
eLH42	ORF7b	AFLLFLVLI,FLAFLLFLV,FYLCFLAFL,FYLCFLAFLL,IDFYLCFLAF,IELSLIDFYL,LIDFYLCFL,LLFLVLIML,MIELSLIDFY,SLIDFYLCFL,YLCFLAFLL	CSVGVQFNTGELFF	TCRBV29-01	TCRBJ02-02
eLH42	ORF7b	AFLLFLVLI,FLAFLLFLV,FYLCFLAFL,FYLCFLAFLL,IDFYLCFLAF,IELSLIDFYL,LIDFYLCFL,LLFLVLIML,MIELSLIDFY,SLIDFYLCFL,YLCFLAFLL	CSASKESSYNEQFF	TCRBV20-01	TCRBJ02-01
eLH42	ORF7b	AFLLFLVLI,FLAFLLFLV,FYLCFLAFL,FYLCFLAFLL,IDFYLCFLAF,IELSLIDFYL,LIDFYLCFL,LLFLVLIML,MIELSLIDFY,SLIDFYLCFL,YLCFLAFLL	CASSLGASPSTDTQYF	TCRBV07-09	TCRBJ02-03
eLH42	ORF7b	AFLLFLVLI,FLAFLLFLV,FYLCFLAFL,FYLCFLAFLL,IDFYLCFLAF,IELSLIDFYL,LIDFYLCFL,LLFLVLIML,MIELSLIDFY,SLIDFYLCFL,YLCFLAFLL	CASSPTGNTEAFF	TCRBV11-02	TCRBJ01-01
eLH42	ORF7b	AFLLFLVLI,FLAFLLFLV,FYLCFLAFL,FYLCFLAFLL,IDFYLCFLAF,IELSLIDFYL,LIDFYLCFL,LLFLVLIML,MIELSLIDFY,SLIDFYLCFL,YLCFLAFLL	CAWRDKTYEQYF	TCRBV30-01	TCRBJ02-07
eLH42	ORF7b	AFLLFLVLI,FLAFLLFLV,FYLCFLAFL,FYLCFLAFLL,IDFYLCFLAF,IELSLIDFYL,LIDFYLCFL,LLFLVLIML,MIELSLIDFY,SLIDFYLCFL,YLCFLAFLL	CASSQRRTGNTEAFF	TCRBV03-01/03-02	TCRBJ01-01
eLH42	ORF7b	AFLLFLVLI,FLAFLLFLV,FYLCFLAFL,FYLCFLAFLL,IDFYLCFLAF,IELSLIDFYL,LIDFYLCFL,LLFLVLIML,MIELSLIDFY,SLIDFYLCFL,YLCFLAFLL	CASSQLTGGDEAFF	TCRBV07-09	TCRBJ01-01
eLH42	ORF7b	AFLLFLVLI,FLAFLLFLV,FYLCFLAFL,FYLCFLAFLL,IDFYLCFLAF,IELSLIDFYL,LIDFYLCFL,LLFLVLIML,MIELSLIDFY,SLIDFYLCFL,YLCFLAFLL	CASSPPTAEAFF	TCRBV18-01	TCRBJ01-01
eLH42	ORF7b	AFLLFLVLI,FLAFLLFLV,FYLCFLAFL,FYLCFLAFLL,IDFYLCFLAF,IELSLIDFYL,LIDFYLCFL,LLFLVLIML,MIELSLIDFY,SLIDFYLCFL,YLCFLAFLL	CASSFLQGANEQFF	TCRBV28-01	TCRBJ02-01
eLH42	ORF7b	AFLLFLVLI,FLAFLLFLV,FYLCFLAFL,FYLCFLAFLL,IDFYLCFLAF,IELSLIDFYL,LIDFYLCFL,LLFLVLIML,MIELSLIDFY,SLIDFYLCFL,YLCFLAFLL	CATSRDRGGGQETQYF	TCRBV15-01	TCRBJ02-05
eLH42	ORF7b	IMLIIFWFSL,MLIIFWFSL	CASYLGNTGELFF	TCRBV05-06	TCRBJ02-02
eLH42	ORF7b	IMLIIFWFSL,MLIIFWFSL	CASSAGQGITYEQYF	TCRBV19-01	TCRBJ02-07
eLH42	ORF7b	IMLIIFWFSL,MLIIFWFSL	CASSQSKAQLRADLNYEQYF	TCRBV23-01	TCRBJ02-07
eLH42	ORF7b	IMLIIFWFSL,MLIIFWFSL	CASSIGQGITYEQYF	TCRBV19-01	TCRBJ02-07
eLH42	nucleocapsid phosphoprotein	LSPRWYFYY,SPRWYFYYL	CASSLAGGPLNEQFF	TCRBV05-01	TCRBJ02-01
eLH42	nucleocapsid phosphoprotein	LSPRWYFYY,SPRWYFYYL	CASS*ELRSGNTIYF	TCRBV19-01	TCRBJ01-03
eLH42	nucleocapsid phosphoprotein	LSPRWYFYY,SPRWYFYYL	CSVAAGNTEAFF	TCRBV29-01	TCRBJ01-01
eLH42	nucleocapsid phosphoprotein	LSPRWYFYY,SPRWYFYYL	CASSRTGLDGYTF	TCRBV07-06	TCRBJ01-02
eLH42	nucleocapsid phosphoprotein	LSPRWYFYY,SPRWYFYYL	CASSLAGANEQFF	TCRBV05-01	TCRBJ02-01
eLH42	nucleocapsid phosphoprotein	LSPRWYFYY,SPRWYFYYL	CASSQVRTSGISNEQFF	TCRBV04-01	TCRBJ02-01
eLH42	nucleocapsid phosphoprotein	LSPRWYFYY,SPRWYFYYL	CASSLAGAGQYF	TCRBV05-01	TCRBJ02-07
eLH42	nucleocapsid phosphoprotein	LSPRWYFYY,SPRWYFYYL	CSARERTSGLGAETQYF	TCRBV20-X	TCRBJ02-05
eLH42	nucleocapsid phosphoprotein	LSPRWYFYY,SPRWYFYYL	CATTIAGGPYQEQFF	TCRBV05-01	TCRBJ02-01
eLH42	nucleocapsid phosphoprotein	LSPRWYFYY,SPRWYFYYL	CASSFSGSSNQPQHF	TCRBV06-06	TCRBJ01-05
eLH42	nucleocapsid phosphoprotein	LSPRWYFYY,SPRWYFYYL	CASSLAGVGAFF	TCRBV05-01	TCRBJ01-01
eLH42	nucleocapsid phosphoprotein	LSPRWYFYY,SPRWYFYYL	CATSDLSGRGAFF	TCRBV24-01	TCRBJ01-01
eLH42	nucleocapsid phosphoprotein	LSPRWYFYY,SPRWYFYYL	CASSLAGSGQFF	TCRBV05-01	TCRBJ02-01
eLH42	nucleocapsid phosphoprotein	LSPRWYFYY,SPRWYFYYL	CASSLGGGPYHEQFF	TCRBV05-01	TCRBJ02-01
eLH42	nucleocapsid phosphoprotein	LSPRWYFYY,SPRWYFYYL	CASSLAGSEQYF	TCRBV05-01	TCRBJ02-07
eLH42	nucleocapsid phosphoprotein	LSPRWYFYY,SPRWYFYYL	CASSERRTSLFNEQFF	TCRBV10-01	TCRBJ02-01
eLH42	nucleocapsid phosphoprotein	LSPRWYFYY,SPRWYFYYL	CASSIAGVEAFF	TCRBV05-01	TCRBJ01-01
eLH42	nucleocapsid phosphoprotein	LSPRWYFYY,SPRWYFYYL	CASSPKTGDGNQPQHF	TCRBV18-01	TCRBJ01-05
eLH42	nucleocapsid phosphoprotein	LSPRWYFYY,SPRWYFYYL	CASSLAGLGAFF	TCRBV05-01	TCRBJ01-01
eLH42	nucleocapsid phosphoprotein	LSPRWYFYY,SPRWYFYYL	CATSDRVGDTDTQYF	TCRBV24-01	TCRBJ02-03
eLH42	nucleocapsid phosphoprotein	LSPRWYFYY,SPRWYFYYL	CASSFLAGGPSNEQFF	TCRBV28-01	TCRBJ02-01
eLH42	nucleocapsid phosphoprotein	LSPRWYFYY,SPRWYFYYL	CASSLAGVGYTF	TCRBV05-01	TCRBJ01-02
eLH42	nucleocapsid phosphoprotein	LSPRWYFYY,SPRWYFYYL	CASGGQKVTEAFF	TCRBV02-01	TCRBJ01-01
eLH42	nucleocapsid phosphoprotein	LSPRWYFYY,SPRWYFYYL	CASSLAGVEQFF	TCRBV05-01	TCRBJ02-01
eLH42	nucleocapsid phosphoprotein	LSPRWYFYY,SPRWYFYYL	CASSSLTSGSRSYEQYF	TCRBV27-01	TCRBJ02-07
eLH42	nucleocapsid phosphoprotein	LSPRWYFYY,SPRWYFYYL	CASSRAGGLPETQYF	TCRBV05-01	TCRBJ02-05
eLH42	nucleocapsid phosphoprotein	LSPRWYFYY,SPRWYFYYL	CASSLAGYEQYF	TCRBV05-01	TCRBJ02-07
eLH42	nucleocapsid phosphoprotein	LSPRWYFYY,SPRWYFYYL	CASSLNEQFF	TCRBV02-01	TCRBJ02-01
eLH42	nucleocapsid phosphoprotein	LSPRWYFYY,SPRWYFYYL	CASSLAGSEQYF	TCRBV05-01	TCRBJ02-07
eLH42	nucleocapsid phosphoprotein	LSPRWYFYY,SPRWYFYYL	CASSPRWPSEQETQYF	TCRBV04-02	TCRBJ02-05
eLH42	nucleocapsid phosphoprotein	LSPRWYFYY,SPRWYFYYL	CASSLPRGAQETQYF	TCRBV07-08	TCRBJ02-05
eLH42	nucleocapsid phosphoprotein	LSPRWYFYY,SPRWYFYYL	CASRITGTGDTGELFF	TCRBV02-01	TCRBJ02-02
eLH42	nucleocapsid phosphoprotein	LSPRWYFYY,SPRWYFYYL	CASSPSRTSGRYEQYF	TCRBV23-01	TCRBJ02-07
eLH42	nucleocapsid phosphoprotein	LSPRWYFYY,SPRWYFYYL	CASSSPGPSGNTIYF	TCRBV07-08	TCRBJ01-03
eLH42	nucleocapsid phosphoprotein	LSPRWYFYY,SPRWYFYYL	CASSLAGIEAFF	TCRBV05-01	TCRBJ01-01
eLH42	nucleocapsid phosphoprotein	LSPRWYFYY,SPRWYFYYL	CASSLAGVGLFF	TCRBV05-01	TCRBJ01-04
eLH42	nucleocapsid phosphoprotein	LSPRWYFYY,SPRWYFYYL	CASSLAGVEQYF	TCRBV05-01	TCRBJ02-07
eLH42	nucleocapsid phosphoprotein	LSPRWYFYY,SPRWYFYYL	CASSLRDALGAYEQYF	TCRBV06-06	TCRBJ02-07
eLH42	nucleocapsid phosphoprotein	LSPRWYFYY,SPRWYFYYL	CASSLAGGDGYTF	TCRBV05-01	TCRBJ01-02
eLH42	nucleocapsid phosphoprotein	LSPRWYFYY,SPRWYFYYL	CASIKLAGGPYNEQFF	TCRBV27-01	TCRBJ02-01
eLH42	nucleocapsid phosphoprotein	LSPRWYFYY,SPRWYFYYL	CASSLAGAYEQYF	TCRBV05-01	TCRBJ02-07
eLH42	nucleocapsid phosphoprotein	LSPRWYFYY,SPRWYFYYL	CASSLAGLGQYF	TCRBV05-01	TCRBJ02-05
eLH42	nucleocapsid phosphoprotein	LSPRWYFYY,SPRWYFYYL	CASSLAGVEQFF	TCRBV05-01	TCRBJ02-01
eLH42	nucleocapsid phosphoprotein	LSPRWYFYY,SPRWYFYYL	CASSLLPVVGGNTEAFF	TCRBV04-01	TCRBJ01-01
eLH42	nucleocapsid phosphoprotein	LSPRWYFYY,SPRWYFYYL	CASSLAGVPAGYEQYF	TCRBV05-01	TCRBJ02-07
eLH42	nucleocapsid phosphoprotein	LSPRWYFYY,SPRWYFYYL	CASSYRTGSDQPQHF	TCRBV06-05	TCRBJ01-05
eLH42	nucleocapsid phosphoprotein	LSPRWYFYY,SPRWYFYYL	CASSSLVSRGYTF	TCRBV05-06	TCRBJ01-02
eLH42	nucleocapsid phosphoprotein	LSPRWYFYY,SPRWYFYYL	CASSLAGTGVTF	TCRBV05-01	TCRBJ01-02
eLH42	nucleocapsid phosphoprotein	LSPRWYFYY,SPRWYFYYL	CASSLAGVGAFF	TCRBV05-01	TCRBJ01-01
eLH42	nucleocapsid phosphoprotein	LSPRWYFYY,SPRWYFYYL	CASSHLAGTNTGELFF	TCRBV23-01	TCRBJ02-02
eLH42	nucleocapsid phosphoprotein	LSPRWYFYY,SPRWYFYYL	CASSQSISAGHTGELFF	TCRBV03-01/03-02	TCRBJ02-02
eLH42	nucleocapsid phosphoprotein	LSPRWYFYY,SPRWYFYYL	CASSLAGAEAFF	TCRBV05-01	TCRBJ01-01
eLH42	nucleocapsid phosphoprotein	LSPRWYFYY,SPRWYFYYL	CASSLPLIREGLFF	TCRBV03-01/03-02	TCRBJ01-04
eLH42	nucleocapsid phosphoprotein	LSPRWYFYY,SPRWYFYYL	CASSLAGGPFHEQYF	TCRBV05-01	TCRBJ02-07
eLH42	nucleocapsid phosphoprotein	LSPRWYFYY,SPRWYFYYL	CASSQWTTGTGELFF	TCRBV14-01	TCRBJ02-02
eLH42	nucleocapsid phosphoprotein	LSPRWYFYY,SPRWYFYYL	CASSSLTSTETFNQPQHF	TCRBV28-01	TCRBJ01-05
eLH42	nucleocapsid phosphoprotein	LSPRWYFYY,SPRWYFYYL	CASSMASGSYEQYF	TCRBV19-01	TCRBJ02-07
eLH42	nucleocapsid phosphoprotein	LSPRWYFYY,SPRWYFYYL	CASSLAGNGYTF	TCRBV05-01	TCRBJ01-02
eLH42	nucleocapsid phosphoprotein	LSPRWYFYY,SPRWYFYYL	CATSDLSTGDHDTQYF	TCRBV24-01	TCRBJ02-03
eLH42	nucleocapsid phosphoprotein	LSPRWYFYY,SPRWYFYYL	CASSLPHVGGQPQHF	TCRBV05-08	TCRBJ01-05
eLH42	nucleocapsid phosphoprotein	LSPRWYFYY,SPRWYFYYL	CASSPLAGSYNEQFF	TCRBV28-01	TCRBJ02-01
eLH42	nucleocapsid phosphoprotein	LSPRWYFYY,SPRWYFYYL	CASSLAGIEAFF	TCRBV05-01	TCRBJ01-01
eLH42	nucleocapsid phosphoprotein	LSPRWYFYY,SPRWYFYYL	CASSFRQWPDTQYF	TCRBV28-01	TCRBJ02-03
eLH42	nucleocapsid phosphoprotein	LSPRWYFYY,SPRWYFYYL	CASIKLAGGPHNEQFF	TCRBV06-X	TCRBJ02-01
eLH42	nucleocapsid phosphoprotein	LSPRWYFYY,SPRWYFYYL	CASSLAGVGAFF	TCRBV05-01	TCRBJ01-01
eLH42	nucleocapsid phosphoprotein	LSPRWYFYY,SPRWYFYYL	CASSRIAEETQYF	TCRBV03-01/03-02	TCRBJ02-05
eLH42	nucleocapsid phosphoprotein	LSPRWYFYY,SPRWYFYYL	CASSPLTSGDYEQYF	TCRBV10-01	TCRBJ02-07
eLH42	nucleocapsid phosphoprotein	LSPRWYFYY,SPRWYFYYL	CASSSIQTASYGYTF	TCRBV28-01	TCRBJ01-02
eLH42	nucleocapsid phosphoprotein	LSPRWYFYY,SPRWYFYYL	CASSLAGAGQYF	TCRBV05-01	TCRBJ02-03
eLH42	nucleocapsid phosphoprotein	LSPRWYFYY,SPRWYFYYL	CASSEKPGGAYNEQFF	TCRBV02-01	TCRBJ02-01
eLH42	nucleocapsid phosphoprotein	LSPRWYFYY,SPRWYFYYL	CASSRAGGPLETQYF	TCRBV05-01	TCRBJ02-05
eLH42	nucleocapsid phosphoprotein	LSPRWYFYY,SPRWYFYYL	CASSLAGGPTHTQYF	TCRBV05-01	TCRBJ02-03
eLH42	nucleocapsid phosphoprotein	LSPRWYFYY,SPRWYFYYL	CASSLAGSGVLGQFF	TCRBV05-01	TCRBJ02-01
eLH42	nucleocapsid phosphoprotein	LSPRWYFYY,SPRWYFYYL	CASSPIVGPQTDKETQYF	TCRBV27-01	TCRBJ02-05
eLH42	nucleocapsid phosphoprotein	LSPRWYFYY,SPRWYFYYL	CASSLAGVELFF	TCRBV05-01	TCRBJ02-02
eLH42	nucleocapsid phosphoprotein	LSPRWYFYY,SPRWYFYYL	CASSLAGGPGNEQFF	TCRBV05-01	TCRBJ02-01
eLH42	nucleocapsid phosphoprotein	LSPRWYFYY,SPRWYFYYL	CASRRGPVLVRLPNEQFF	TCRBV05-01	TCRBJ02-01
eLH42	nucleocapsid phosphoprotein	LSPRWYFYY,SPRWYFYYL	CASSLAGGQPQHF	TCRBV05-01	TCRBJ01-05
eLH42	nucleocapsid phosphoprotein	LSPRWYFYY,SPRWYFYYL	CASSSRDQPTSEQYF	TCRBV05-01	TCRBJ02-07
eLH42	nucleocapsid phosphoprotein	LSPRWYFYY,SPRWYFYYL	CASVLSYEQYF	TCRBV02-01	TCRBJ02-07
eLH42	nucleocapsid phosphoprotein	LSPRWYFYY,SPRWYFYYL	CASSTAGAQGYTF	TCRBV05-01	TCRBJ01-02
eLH42	nucleocapsid phosphoprotein	LSPRWYFYY,SPRWYFYYL	CASSLAGAGELFF	TCRBV05-01	TCRBJ02-02
eLH42	nucleocapsid phosphoprotein	LSPRWYFYY,SPRWYFYYL	CASSLAGIEQYF	TCRBV05-01	TCRBJ02-03
eLH42	nucleocapsid phosphoprotein	LSPRWYFYY,SPRWYFYYL	CASSSRTSGRRDTQYF	TCRBV13-01	TCRBJ02-03
eLH42	nucleocapsid phosphoprotein	LSPRWYFYY,SPRWYFYYL	CASSLAGLEQYF	TCRBV05-01	TCRBJ02-07
eLH42	nucleocapsid phosphoprotein	LSPRWYFYY,SPRWYFYYL	CASSLAGVGQYF	TCRBV05-01	TCRBJ02-07
eLH42	nucleocapsid phosphoprotein	LSPRWYFYY,SPRWYFYYL	CASSLAGVGAFF	TCRBV05-01	TCRBJ01-01
eLH42	nucleocapsid phosphoprotein	LSPRWYFYY,SPRWYFYYL	CASSLAGAGAFF	TCRBV05-01	TCRBJ01-01
eLH42	nucleocapsid phosphoprotein	LSPRWYFYY,SPRWYFYYL	CASRVVREFYGYTF	TCRBV10-01	TCRBJ01-02
eLH42	nucleocapsid phosphoprotein	LSPRWYFYY,SPRWYFYYL	CASSQVGSGGTEAFF	TCRBV04-01	TCRBJ01-01
eLH42	nucleocapsid phosphoprotein	LSPRWYFYY,SPRWYFYYL	CASSPYPMGTANYGYTF	TCRBV09-01	TCRBJ01-02
eLH42	nucleocapsid phosphoprotein	LSPRWYFYY,SPRWYFYYL	CASSPLISETGVTKGAFF	TCRBV28-01	TCRBJ01-01
eLH42	nucleocapsid phosphoprotein	LSPRWYFYY,SPRWYFYYL	CASSLAGAYEQYF	TCRBV05-01	TCRBJ02-07
eLH42	nucleocapsid phosphoprotein	LSPRWYFYY,SPRWYFYYL	CASSLAGAGYTF	TCRBV05-01	TCRBJ01-02
eLH42	nucleocapsid phosphoprotein	LSPRWYFYY,SPRWYFYYL	CASSPLTGAVNTEAFF	TCRBV28-01	TCRBJ01-01
eLH42	nucleocapsid phosphoprotein	LSPRWYFYY,SPRWYFYYL	CASSEANRGNQETQYF	TCRBV06-01	TCRBJ02-05
eLH42	nucleocapsid phosphoprotein	LSPRWYFYY,SPRWYFYYL	CASSLALRTQGNEQFF	TCRBV07-02	TCRBJ02-01
eLH42	nucleocapsid phosphoprotein	LSPRWYFYY,SPRWYFYYL	CASSELSANKGTQYF	TCRBV06-01	TCRBJ02-05
eLH42	nucleocapsid phosphoprotein	LSPRWYFYY,SPRWYFYYL	CASQSYPRETQYF	TCRBV27-01	TCRBJ02-05
eLH42	nucleocapsid phosphoprotein	LSPRWYFYY,SPRWYFYYL	CASSSLGLNQPQHF	TCRBV02-01	TCRBJ01-05
eLH42	nucleocapsid phosphoprotein	LSPRWYFYY,SPRWYFYYL	CASSLTGAVAYTEAFF	TCRBV05-01	TCRBJ01-01
eLH42	nucleocapsid phosphoprotein	LSPRWYFYY,SPRWYFYYL	CASSLAGVEAFF	TCRBV05-01	TCRBJ01-01
eLH42	nucleocapsid phosphoprotein	LSPRWYFYY,SPRWYFYYL	CASSLAGVGEYF	TCRBV05-01	TCRBJ02-07
eLH42	nucleocapsid phosphoprotein	LSPRWYFYY,SPRWYFYYL	CASSLNGDSLIRDTQYF	TCRBV07-03	TCRBJ02-03
eLH42	nucleocapsid phosphoprotein	LSPRWYFYY,SPRWYFYYL	CASSQRGTGNTIYF	TCRBV04-01	TCRBJ01-03
eLH42	nucleocapsid phosphoprotein	LSPRWYFYY,SPRWYFYYL	CASSLAGAHEQYF	TCRBV05-01	TCRBJ02-07
eLH42	nucleocapsid phosphoprotein	LSPRWYFYY,SPRWYFYYL	CASSPLQTAGNTIYF	TCRBV28-01	TCRBJ01-03
eLH42	nucleocapsid phosphoprotein	LSPRWYFYY,SPRWYFYYL	CASSLAGVEAFF	TCRBV05-01	TCRBJ01-01
eLH42	nucleocapsid phosphoprotein	LSPRWYFYY,SPRWYFYYL	CASSLAGAEAFF	TCRBV05-01	TCRBJ01-01
eLH42	nucleocapsid phosphoprotein	LSPRWYFYY,SPRWYFYYL	CASSSYAGAGANVLTF	TCRBV05-04	TCRBJ02-06
eLH42	nucleocapsid phosphoprotein	LSPRWYFYY,SPRWYFYYL	CATSDLTRDTQYF	TCRBV24-01	TCRBJ02-03
eLH42	nucleocapsid phosphoprotein	LSPRWYFYY,SPRWYFYYL	CASSLAGAGEQFF	TCRBV05-01	TCRBJ02-01
eLH42	nucleocapsid phosphoprotein	LSPRWYFYY,SPRWYFYYL	CASSLGLAGVSETQYF	TCRBV07-08	TCRBJ02-05
eLH42	nucleocapsid phosphoprotein	LSPRWYFYY,SPRWYFYYL	CASSLRQSNLYNEQFF	TCRBV14-01	TCRBJ02-01
eLH42	nucleocapsid phosphoprotein	LSPRWYFYY,SPRWYFYYL	CASSTLATTGDTQYF	TCRBV25-01	TCRBJ02-03
eLH42	nucleocapsid phosphoprotein	LSPRWYFYY,SPRWYFYYL	CASSLAGANEQFF	TCRBV05-01	TCRBJ02-01
eLH42	nucleocapsid phosphoprotein	LSPRWYFYY,SPRWYFYYL	CASSLSGGIYNEQFF	TCRBV05-01	TCRBJ02-01
eLH42	nucleocapsid phosphoprotein	LSPRWYFYY,SPRWYFYYL	CASSSRVGSYEQYF	TCRBV06-05	TCRBJ02-07
eLH42	nucleocapsid phosphoprotein	LSPRWYFYY,SPRWYFYYL	CASSLAGANEQYF	TCRBV05-01	TCRBJ02-07
eLH42	nucleocapsid phosphoprotein	LSPRWYFYY,SPRWYFYYL	CASSFAGGPYNEQFF	TCRBV05-01	TCRBJ02-01
eLH42	nucleocapsid phosphoprotein	LSPRWYFYY,SPRWYFYYL	CASSLAGGPVHEQFF	TCRBV05-01	TCRBJ02-01
eLH42	nucleocapsid phosphoprotein	LSPRWYFYY,SPRWYFYYL	CARSFCT*ASGSTDTQYF	TCRBV07-05	TCRBJ02-03
eLH42	nucleocapsid phosphoprotein	LSPRWYFYY,SPRWYFYYL	CASSLSGYTEAFF	TCRBV05-01	TCRBJ01-01
eLH42	nucleocapsid phosphoprotein	LSPRWYFYY,SPRWYFYYL	CSATLSSGWNEQFF	TCRBV20-X	TCRBJ02-01
eLH42	nucleocapsid phosphoprotein	LSPRWYFYY,SPRWYFYYL	CASSLGGVELFF	TCRBV05-01	TCRBJ02-02
eLH42	nucleocapsid phosphoprotein	LSPRWYFYY,SPRWYFYYL	CATSDLTRDEQYF	TCRBV24-01	TCRBJ02-07
eLH42	nucleocapsid phosphoprotein	LSPRWYFYY,SPRWYFYYL	CAWLTGWFEQFF	TCRBV30-01	TCRBJ02-01
eLH42	nucleocapsid phosphoprotein	LSPRWYFYY,SPRWYFYYL	CASSLAGAYEQYF	TCRBV05-01	TCRBJ02-07
eLH42	nucleocapsid phosphoprotein	LSPRWYFYY,SPRWYFYYL	CATSDLPGNYGYTF	TCRBV24-01	TCRBJ01-02
eLH42	nucleocapsid phosphoprotein	LSPRWYFYY,SPRWYFYYL	CASSPYPLVTTEAFF	TCRBV09-01	TCRBJ01-01
eLH42	nucleocapsid phosphoprotein	LSPRWYFYY,SPRWYFYYL	CASSLAGAYEQYF	TCRBV05-01	TCRBJ02-07
eLH42	nucleocapsid phosphoprotein	LSPRWYFYY,SPRWYFYYL	CASSRFETGRDGYTF	TCRBV05-06	TCRBJ01-02
eLH42	nucleocapsid phosphoprotein	LSPRWYFYY,SPRWYFYYL	CASSYRAGGASGELFF	TCRBV06-05	TCRBJ02-02
eLH42	nucleocapsid phosphoprotein	LSPRWYFYY,SPRWYFYYL	CASS*RVPGQGSLFF	TCRBV05-01	TCRBJ01-04
eLH42	nucleocapsid phosphoprotein	LSPRWYFYY,SPRWYFYYL	CASSLAGAYEQYF	TCRBV05-01	TCRBJ02-07
eLH42	nucleocapsid phosphoprotein	LSPRWYFYY,SPRWYFYYL	CASSLGGSQPQHF	TCRBV05-01	TCRBJ01-05
eLH42	nucleocapsid phosphoprotein	LSPRWYFYY,SPRWYFYYL	CASSLAGVEQFF	TCRBV05-01	TCRBJ02-01
eLH42	nucleocapsid phosphoprotein	LSPRWYFYY,SPRWYFYYL	CANGSLGANEQFF	TCRBV21-01	TCRBJ02-01
eLH42	nucleocapsid phosphoprotein	LSPRWYFYY,SPRWYFYYL	CASSSTGIVSEAFF	TCRBV05-05	TCRBJ01-01
eLH42	nucleocapsid phosphoprotein	LSPRWYFYY,SPRWYFYYL	CASSLAGSGELFF	TCRBV05-01	TCRBJ02-02
eLH42	nucleocapsid phosphoprotein	LSPRWYFYY,SPRWYFYYL	CASSLAGAQEQFF	TCRBV05-01	TCRBJ02-01
eLH42	nucleocapsid phosphoprotein	LSPRWYFYY,SPRWYFYYL	CASSLAGSEAFF	TCRBV05-01	TCRBJ01-01
eLH42	nucleocapsid phosphoprotein	LSPRWYFYY,SPRWYFYYL	CATSDLTGNTIYF	TCRBV24-01	TCRBJ01-03
eLH42	nucleocapsid phosphoprotein	LSPRWYFYY,SPRWYFYYL	CASGGLRPGEQYF	TCRBV02-01	TCRBJ02-07
eLH42	nucleocapsid phosphoprotein	LSPRWYFYY,SPRWYFYYL	CLPKEGMGLGANVLTF	TCRBV21-01	TCRBJ02-06
eLH42	nucleocapsid phosphoprotein	LSPRWYFYY,SPRWYFYYL	CASSEQACFPSGTHRINYGYTF	TCRBV25-X	TCRBJ01-02
eLH42	nucleocapsid phosphoprotein	LSPRWYFYY,SPRWYFYYL	CASSLAGAGAYF	TCRBV05-01	TCRBJ02-07
eLH42	nucleocapsid phosphoprotein	LSPRWYFYY,SPRWYFYYL	CASSLNTPLDTEAFF	TCRBV11-02	TCRBJ01-01
eLH42	nucleocapsid phosphoprotein	LSPRWYFYY,SPRWYFYYL	CASSLAGVGYTF	TCRBV05-01	TCRBJ01-02
eLH42	nucleocapsid phosphoprotein	LSPRWYFYY,SPRWYFYYL	CASSLFTPLQNEQFF	TCRBV05-01	TCRBJ02-01
eLH42	nucleocapsid phosphoprotein	LSPRWYFYY,SPRWYFYYL	CASSLKQGRQETQYF	TCRBV07-07	TCRBJ02-05
eLH42	nucleocapsid phosphoprotein	LSPRWYFYY,SPRWYFYYL	CASSLLRGNQPQHF	TCRBV28-01	TCRBJ01-05
eLH42	nucleocapsid phosphoprotein	LSPRWYFYY,SPRWYFYYL	CASSLAGIEQYF	TCRBV05-01	TCRBJ02-07
eLH42	nucleocapsid phosphoprotein	LSPRWYFYY,SPRWYFYYL	CASSLAGVGAFF	TCRBV05-01	TCRBJ01-01
eLH42	nucleocapsid phosphoprotein	LSPRWYFYY,SPRWYFYYL	CASSPFAGAGNQPQHF	TCRBV12-X	TCRBJ01-05
eLH42	nucleocapsid phosphoprotein	LSPRWYFYY,SPRWYFYYL	CASSPPGHPYEQYF	TCRBV05-01	TCRBJ02-07
eLH42	nucleocapsid phosphoprotein	LSPRWYFYY,SPRWYFYYL	CASSELTSGPANTQYF	TCRBV10-01	TCRBJ02-03
eLH42	nucleocapsid phosphoprotein	LSPRWYFYY,SPRWYFYYL	CASTPQDEQYF	TCRBV06-02	TCRBJ02-07
eLH42	nucleocapsid phosphoprotein	LSPRWYFYY,SPRWYFYYL	CASSLAGVPQSNEQFF	TCRBV05-01	TCRBJ02-01
eLH42	nucleocapsid phosphoprotein	LSPRWYFYY,SPRWYFYYL	CASSAGLAGGLETQYF	TCRBV11-02	TCRBJ02-05
eLH42	nucleocapsid phosphoprotein	LSPRWYFYY,SPRWYFYYL	CASSLAGVGYTF	TCRBV05-01	TCRBJ01-02
eLH42	nucleocapsid phosphoprotein	LSPRWYFYY,SPRWYFYYL	CASSLAGVGLFF	TCRBV05-01	TCRBJ01-04
eLH42	nucleocapsid phosphoprotein	LSPRWYFYY,SPRWYFYYL	CASSLAGGYNQPQHF	TCRBV05-01	TCRBJ01-05
eLH42	nucleocapsid phosphoprotein	LSPRWYFYY,SPRWYFYYL	CASSPVGQGQDNEQFF	TCRBV05-01	TCRBJ02-01
eLH42	nucleocapsid phosphoprotein	LSPRWYFYY,SPRWYFYYL	CASSLAGAGYTF	TCRBV05-01	TCRBJ01-02
eLH42	nucleocapsid phosphoprotein	LSPRWYFYY,SPRWYFYYL	CASNPVGTGLYEQYF	TCRBV11-02	TCRBJ02-07
eLH42	nucleocapsid phosphoprotein	LSPRWYFYY,SPRWYFYYL	CASSPTSGSGTGELFF	TCRBV03-01/03-02	TCRBJ02-02
eLH42	nucleocapsid phosphoprotein	LSPRWYFYY,SPRWYFYYL	CASSLAGSEQYF	TCRBV05-01	TCRBJ02-07
eLH42	nucleocapsid phosphoprotein	LSPRWYFYY,SPRWYFYYL	CASSLAGATEAFF	TCRBV05-01	TCRBJ01-01
eLH42	nucleocapsid phosphoprotein	LSPRWYFYY,SPRWYFYYL	CARSLAGGDGYTF	TCRBV05-01	TCRBJ01-02
eLH42	nucleocapsid phosphoprotein	LSPRWYFYY,SPRWYFYYL	CASSLGETGSQPQHF	TCRBV07-08	TCRBJ01-05
eLH42	nucleocapsid phosphoprotein	LSPRWYFYY,SPRWYFYYL	CASSPRTGVNEQFF	TCRBV05-06	TCRBJ02-01
eLH42	nucleocapsid phosphoprotein	LSPRWYFYY,SPRWYFYYL	CASSFAGGPFHEQFF	TCRBV05-01	TCRBJ02-01
eLH42	nucleocapsid phosphoprotein	LSPRWYFYY,SPRWYFYYL	CATSDLVANEQFF	TCRBV24-01	TCRBJ02-01
eLH42	nucleocapsid phosphoprotein	LSPRWYFYY,SPRWYFYYL	CASSSIQGNNEQFF	TCRBV07-X	TCRBJ02-01
eLH42	nucleocapsid phosphoprotein	LSPRWYFYY,SPRWYFYYL	CASSGLASTYNEQFF	TCRBV10-01	TCRBJ02-01
eLH42	nucleocapsid phosphoprotein	LSPRWYFYY,SPRWYFYYL	CASSLAGVGQFF	TCRBV05-01	TCRBJ02-01
eLH42	nucleocapsid phosphoprotein	LSPRWYFYY,SPRWYFYYL	CASRTLTGQRRNEQFF	TCRBV06-X	TCRBJ02-01
eLH42	nucleocapsid phosphoprotein	LSPRWYFYY,SPRWYFYYL	CASSLAGVGQYF	TCRBV05-01	TCRBJ02-03
eLH42	nucleocapsid phosphoprotein	LSPRWYFYY,SPRWYFYYL	CARPHRGLGSEETQYF	TCRBV21-01	TCRBJ02-05
eLH42	nucleocapsid phosphoprotein	LSPRWYFYY,SPRWYFYYL	CASTTLQVANYGYTF	TCRBV28-01	TCRBJ01-02
eLH42	nucleocapsid phosphoprotein	LSPRWYFYY,SPRWYFYYL	CASSLAGGPLHEQFF	TCRBV05-01	TCRBJ02-01
eLH42	nucleocapsid phosphoprotein	LSPRWYFYY,SPRWYFYYL	CASSYSYRGTNEKLFF	TCRBV06-05	TCRBJ01-04
eLH42	nucleocapsid phosphoprotein	LSPRWYFYY,SPRWYFYYL	CASSQRGTGELFF	TCRBV04-01	TCRBJ02-02
eLH42	nucleocapsid phosphoprotein	LSPRWYFYY,SPRWYFYYL	CASSLAGVEQYF	TCRBV05-01	TCRBJ02-07
eLH42	nucleocapsid phosphoprotein	LSPRWYFYY,SPRWYFYYL	CATSDLTSNEQFF	TCRBV24-01	TCRBJ02-01
eLH42	nucleocapsid phosphoprotein	LSPRWYFYY,SPRWYFYYL	CATSDLGTSSYNEQFF	TCRBV24-01	TCRBJ02-01
eLH42	nucleocapsid phosphoprotein	LSPRWYFYY,SPRWYFYYL	CASSALPGGPGNTIYF	TCRBV02-01	TCRBJ01-03
eLH42	nucleocapsid phosphoprotein	LSPRWYFYY,SPRWYFYYL	CASSLAGVGKFF	TCRBV05-01	TCRBJ02-01
eLH42	nucleocapsid phosphoprotein	LSPRWYFYY,SPRWYFYYL	CADQGEAFF	TCRBV21-01	TCRBJ01-01
eLH42	nucleocapsid phosphoprotein	LSPRWYFYY,SPRWYFYYL	CASSLAGSQPQHF	TCRBV05-01	TCRBJ01-05
eLH42	nucleocapsid phosphoprotein	LSPRWYFYY,SPRWYFYYL	CASSLVGVQARDTQYF	TCRBV07-02	TCRBJ02-03
eLH42	nucleocapsid phosphoprotein	LSPRWYFYY,SPRWYFYYL	CASSLAGAGELFF	TCRBV05-01	TCRBJ02-02
eLH42	nucleocapsid phosphoprotein	LSPRWYFYY,SPRWYFYYL	CASSTLYSGSWNEQFF	TCRBV28-01	TCRBJ02-01
eLH42	nucleocapsid phosphoprotein	LSPRWYFYY,SPRWYFYYL	CASSLGTPLNTEAFF	TCRBV07-06	TCRBJ01-01
eLH42	nucleocapsid phosphoprotein	LSPRWYFYY,SPRWYFYYL	CASSQEFRGQDTQYF	TCRBV04-01	TCRBJ02-03
eLH42	nucleocapsid phosphoprotein	LSPRWYFYY,SPRWYFYYL	CASSPGRTHYNNEQFF	TCRBV07-09	TCRBJ02-01
eLH42	nucleocapsid phosphoprotein	LSPRWYFYY,SPRWYFYYL	CATSDLTVDEQYF	TCRBV24-01	TCRBJ02-07
eLH42	nucleocapsid phosphoprotein	LSPRWYFYY,SPRWYFYYL	CASSRAGGHTDTQYF	TCRBV18-01	TCRBJ02-03
eLH42	nucleocapsid phosphoprotein	LSPRWYFYY,SPRWYFYYL	CASSLAGVELFF	TCRBV05-01	TCRBJ01-04
eLH42	nucleocapsid phosphoprotein	LSPRWYFYY,SPRWYFYYL	CASSLAGAYEQYF	TCRBV05-01	TCRBJ02-07
eLH42	nucleocapsid phosphoprotein	LSPRWYFYY,SPRWYFYYL	CASSLAGVELFF	TCRBV05-01	TCRBJ02-02
eLH42	nucleocapsid phosphoprotein	LSPRWYFYY,SPRWYFYYL	CASSLAGQINEKLFF	TCRBV05-01	TCRBJ01-04
eLH42	nucleocapsid phosphoprotein	LSPRWYFYY,SPRWYFYYL	CAWSVNPSSYNSPLHF	TCRBV30-01	TCRBJ01-06
eLH42	nucleocapsid phosphoprotein	LSPRWYFYY,SPRWYFYYL	CASSRLTGPALTKNIQYF	TCRBV27-01	TCRBJ02-04
eLH42	nucleocapsid phosphoprotein	LSPRWYFYY,SPRWYFYYL	CASSLAGAGYTF	TCRBV05-01	TCRBJ01-02
eLH42	nucleocapsid phosphoprotein	LSPRWYFYY,SPRWYFYYL	CASKRLTGGNQPQHF	TCRBV27-01	TCRBJ01-05
eLH42	nucleocapsid phosphoprotein	LSPRWYFYY,SPRWYFYYL	CASSLAGVEQFF	TCRBV05-01	TCRBJ02-01
eLH42	nucleocapsid phosphoprotein	LSPRWYFYY,SPRWYFYYL	CASSVVLAGSSYEQYF	TCRBV02-01	TCRBJ02-07
eLH42	nucleocapsid phosphoprotein	LSPRWYFYY,SPRWYFYYL	CASSDGRDSPLHF	TCRBV11-02	TCRBJ01-06
eLH42	nucleocapsid phosphoprotein	LSPRWYFYY,SPRWYFYYL	CASSQLRQYEQYF	TCRBV03-01/03-02	TCRBJ02-07
eLH42	nucleocapsid phosphoprotein	LSPRWYFYY,SPRWYFYYL	CASSLAGVEAFF	TCRBV05-01	TCRBJ01-01
eLH42	nucleocapsid phosphoprotein	LSPRWYFYY,SPRWYFYYL	CASSLAGVEQYF	TCRBV05-01	TCRBJ02-07
eLH42	nucleocapsid phosphoprotein	LSPRWYFYY,SPRWYFYYL	CASSLEGPYSNQPQHF	TCRBV07-09	TCRBJ01-05
eLH42	nucleocapsid phosphoprotein	LSPRWYFYY,SPRWYFYYL	CASSRLAGGPGNEQFF	TCRBV28-01	TCRBJ02-01
eLH42	nucleocapsid phosphoprotein	LSPRWYFYY,SPRWYFYYL	CASSLAGVEQFF	TCRBV05-01	TCRBJ02-01
eLH42	nucleocapsid phosphoprotein	LSPRWYFYY,SPRWYFYYL	CASSLAGVGYTF	TCRBV05-01	TCRBJ01-02
eLH42	nucleocapsid phosphoprotein	LSPRWYFYY,SPRWYFYYL	CASSLAGAYEQYF	TCRBV05-01	TCRBJ02-07
eLH42	nucleocapsid phosphoprotein	LSPRWYFYY,SPRWYFYYL	CASSLAGVEQYF	TCRBV05-01	TCRBJ02-07
eLH42	nucleocapsid phosphoprotein	LSPRWYFYY,SPRWYFYYL	CASSLAGGPLQPQHF	TCRBV05-01	TCRBJ01-05
eLH42	nucleocapsid phosphoprotein	LSPRWYFYY,SPRWYFYYL	CASSLAGIEAFF	TCRBV05-01	TCRBJ01-01
eLH42	nucleocapsid phosphoprotein	LSPRWYFYY,SPRWYFYYL	CASSRTRGGYTF	TCRBV28-01	TCRBJ01-02
eLH42	nucleocapsid phosphoprotein	LSPRWYFYY,SPRWYFYYL	CASSLAGAYEQYF	TCRBV05-01	TCRBJ02-07
eLH42	nucleocapsid phosphoprotein	LSPRWYFYY,SPRWYFYYL	CASTKGLASTDTQYF	TCRBV05-05	TCRBJ02-03
eLH42	nucleocapsid phosphoprotein	LSPRWYFYY,SPRWYFYYL	CASSLAGGEQYF	TCRBV05-01	TCRBJ02-07
eLH42	nucleocapsid phosphoprotein	LSPRWYFYY,SPRWYFYYL	CASSLAGALEQFF	TCRBV05-01	TCRBJ02-01
eLH42	nucleocapsid phosphoprotein	LSPRWYFYY,SPRWYFYYL	CASSPLEGGPGELFF	TCRBV05-01	TCRBJ02-02
eLH42	nucleocapsid phosphoprotein	LSPRWYFYY,SPRWYFYYL	CATSDLTGGGGYTF	TCRBV24-01	TCRBJ01-02
eLH42	nucleocapsid phosphoprotein	LSPRWYFYY,SPRWYFYYL	CASSLAGVGQFF	TCRBV05-01	TCRBJ02-01
eLH42	nucleocapsid phosphoprotein	LSPRWYFYY,SPRWYFYYL	CASSLLVGNQRELFF	TCRBV28-01	TCRBJ02-02
eLH42	nucleocapsid phosphoprotein	LSPRWYFYY,SPRWYFYYL	CASSLTGGGNHEQFF	TCRBV07-03	TCRBJ02-01
eLH42	nucleocapsid phosphoprotein	LSPRWYFYY,SPRWYFYYL	CASSLTGGMSQPQHF	TCRBV05-01	TCRBJ01-05
eLH42	nucleocapsid phosphoprotein	LSPRWYFYY,SPRWYFYYL	CATSERRGNQPQHF	TCRBV24-01	TCRBJ01-05
eLH42	nucleocapsid phosphoprotein	LSPRWYFYY,SPRWYFYYL	CASGNTNTEAFF	TCRBV12-03/12-04	TCRBJ01-01
eLH42	nucleocapsid phosphoprotein	LSPRWYFYY,SPRWYFYYL	CASSLAGRSLTGVEAFF	TCRBV05-01	TCRBJ01-01
eLH42	nucleocapsid phosphoprotein	LSPRWYFYY,SPRWYFYYL	CASSLAGANEQFF	TCRBV05-01	TCRBJ02-01
eLH42	nucleocapsid phosphoprotein	LSPRWYFYY,SPRWYFYYL	CATSDLPGGYGYTF	TCRBV24-01	TCRBJ01-02
eLH42	nucleocapsid phosphoprotein	LSPRWYFYY,SPRWYFYYL	CASSPTGGGTDTQYF	TCRBV07-09	TCRBJ02-03
eLH42	nucleocapsid phosphoprotein	LSPRWYFYY,SPRWYFYYL	CASSLRGASGDTQYF	TCRBV07-03	TCRBJ02-03
eLH42	nucleocapsid phosphoprotein	LSPRWYFYY,SPRWYFYYL	CASSLAGVEAFF	TCRBV05-01	TCRBJ01-01
eLH42	nucleocapsid phosphoprotein	LSPRWYFYY,SPRWYFYYL	CASSLAGVGSFF	TCRBV05-01	TCRBJ01-01
eLH42	nucleocapsid phosphoprotein	LSPRWYFYY,SPRWYFYYL	CASSLAGVGYTF	TCRBV05-01	TCRBJ01-02
eLH42	nucleocapsid phosphoprotein	LSPRWYFYY,SPRWYFYYL	CASSLAGVEAFF	TCRBV05-01	TCRBJ01-01
eLH42	nucleocapsid phosphoprotein	LSPRWYFYY,SPRWYFYYL	CASAGLAGGPGYNEQFF	TCRBV09-01	TCRBJ02-01
eLH42	nucleocapsid phosphoprotein	LSPRWYFYY,SPRWYFYYL	CASSLAGVGEAFF	TCRBV05-01	TCRBJ01-01
eLH42	nucleocapsid phosphoprotein	LSPRWYFYY,SPRWYFYYL	CSVDPLQGPYEQYF	TCRBV29-01	TCRBJ02-07
eLH42	nucleocapsid phosphoprotein	LSPRWYFYY,SPRWYFYYL	CASSLVLRKETQYF	TCRBV05-01	TCRBJ02-05
eLH42	nucleocapsid phosphoprotein	LSPRWYFYY,SPRWYFYYL	CASSSAGGPINEQFF	TCRBV05-01	TCRBJ02-01
eLH42	nucleocapsid phosphoprotein	LSPRWYFYY,SPRWYFYYL	CASSLAGAGYTF	TCRBV05-01	TCRBJ01-02
eLH42	nucleocapsid phosphoprotein	LSPRWYFYY,SPRWYFYYL	CASSQMTSATYEQYF	TCRBV25-01	TCRBJ02-07
eLH42	nucleocapsid phosphoprotein	LSPRWYFYY,SPRWYFYYL	CASSNPVGTGLYEQYF	TCRBV11-02	TCRBJ02-07
eLH42	nucleocapsid phosphoprotein	LSPRWYFYY,SPRWYFYYL	CASSFSGGPNNEQFF	TCRBV05-01	TCRBJ02-01
eLH42	nucleocapsid phosphoprotein	LSPRWYFYY,SPRWYFYYL	CASSSIMGGRYEQYF	TCRBV05-01	TCRBJ02-07
eLH42	nucleocapsid phosphoprotein	LSPRWYFYY,SPRWYFYYL	CASSLAGNGYTF	TCRBV05-01	TCRBJ01-02
eLH42	nucleocapsid phosphoprotein	LSPRWYFYY,SPRWYFYYL	CASSLAGVGYTF	TCRBV05-01	TCRBJ01-02
eLH42	nucleocapsid phosphoprotein	LSPRWYFYY,SPRWYFYYL	CASSLAGLGQYF	TCRBV05-01	TCRBJ02-05
eLH42	ORF10	AFPFTIYSL,GYINVFAFPF,INVFAFPFTI,MGYINVFAF,NVFAFPFTI,NVFAFPFTIY,YINVFAFPF	CASSFGDILFF	TCRBV12-03/12-04	TCRBJ01-04
eLH42	ORF10	AFPFTIYSL,GYINVFAFPF,INVFAFPFTI,MGYINVFAF,NVFAFPFTI,NVFAFPFTIY,YINVFAFPF	CASSVVLAGDRSYNEQFF	TCRBV09-01	TCRBJ02-01
eLH42	ORF10	LLCRMNSRNY,LLLCRMNSR,RMNSRNYIA,SLLLCRMNSR	CAHSVLGDTDTQYF	TCRBV30-01	TCRBJ02-03
eLH42	ORF10	LLCRMNSRNY,LLLCRMNSR,RMNSRNYIA,SLLLCRMNSR	CAWSVIGDTDTQYF	TCRBV30-01	TCRBJ02-03
eLH42	ORF10	AQVDVVNFNL,NYIAQVDVV	CASSPGRVQETQYF	TCRBV07-X	TCRBJ02-05
